# Wavefront OBJ generated for bike_outline
o bike_outline
v -0.18000 0.59000 0.00400
v 0.18000 0.59000 -0.02400
v 0.19400 0.79000 -0.01000
v -0.19400 0.79000 -0.01000
v 0.18000 0.60400 -0.55000
v -0.18000 0.57600 -0.55000
v -0.18000 0.79000 -0.53600
v 0.18000 0.79000 -0.56400
v 0.19400 0.59000 -0.01000
v 0.16600 0.59000 -0.55000
v 0.18000 0.80400 -0.55000
v 0.18000 0.77600 -0.01000
v -0.18000 0.59000 -0.56400
v -0.17300 0.59000 -0.02212
v -0.16788 0.79000 -0.01700
v -0.16600 0.79000 -0.55000
v -0.16788 0.79000 -0.54300
v -0.17300 0.79000 0.00212
v 0.18000 0.79000 0.00400
v 0.17300 0.79000 -0.53788
v -0.19212 0.59000 -0.00300
v -0.19400 0.59000 -0.55000
v 0.16788 0.59000 -0.55700
v 0.17300 0.59000 -0.02212
v -0.12000 0.77000 -0.10400
v 0.12000 0.75600 -0.09000
v 0.12000 0.82400 -0.09000
v -0.12000 0.81000 -0.07600
v 0.12000 0.77000 -0.52400
v -0.10600 0.77000 -0.51000
v -0.13400 0.81000 -0.51000
v 0.12000 0.82400 -0.51000
v 0.12000 0.75600 -0.09000
v 0.12000 0.77000 -0.49600
v 0.12000 0.81000 -0.52400
v 0.13400 0.81000 -0.09000
v -0.13400 0.77000 -0.51000
v -0.12000 0.78400 -0.09000
v -0.12000 0.79600 -0.09000
v -0.12000 0.81000 -0.49600
v -0.12000 0.81990 -0.50010
v -0.12000 0.82400 -0.09000
v 0.12000 0.81990 -0.09990
v 0.12000 0.81000 -0.52400
v -0.12000 0.76010 -0.09990
v -0.12000 0.75600 -0.51000
v 0.12000 0.76010 -0.50010
v 0.12000 0.77000 -0.07600
v -0.01400 0.81000 -0.40500
v 0.01400 0.83000 -0.40500
v 0.00850 0.81000 -0.39897
v 0.01550 0.84212 -0.39897
v 0.04597 0.82212 -0.38250
v 0.05297 0.83000 -0.38250
v 0.05200 0.79788 -0.36000
v 0.03800 0.81788 -0.36000
v 0.02497 0.81000 -0.33750
v 0.02497 0.83000 -0.33750
v 0.01550 0.82212 -0.32103
v 0.02950 0.84212 -0.32103
v 0.01400 0.81000 -0.31500
v 0.00700 0.81788 -0.31500
v -0.02950 0.79788 -0.32103
v -0.03650 0.83000 -0.32103
v -0.03897 0.81000 -0.32350
v -0.03897 0.84212 -0.33050
v -0.04500 0.82212 -0.36700
v -0.04500 0.83000 -0.37400
v -0.03897 0.79788 -0.38950
v -0.03897 0.81788 -0.37550
v -0.02250 0.81000 -0.38497
v -0.03650 0.83000 -0.39897
v 0.01400 0.81000 -0.40500
v -0.00000 0.83000 -0.39100
v 0.00000 0.82212 -0.35300
v 0.00000 0.84212 -0.36700
v -0.13000 0.56000 -0.04400
v 0.13000 0.54788 -0.03700
v 0.13000 0.58788 -0.02300
v -0.13000 0.60000 -0.01600
v 0.11600 0.56000 -0.53000
v -0.11600 0.56000 -0.53000
v -0.13000 0.60000 -0.51600
v 0.13000 0.61212 -0.52300
v 0.13000 0.57212 -0.03700
v 0.13000 0.56000 -0.54400
v 0.13000 0.58788 -0.53700
v 0.13000 0.58788 -0.02300
v -0.13000 0.56000 -0.51600
v -0.14400 0.56000 -0.03000
v -0.11600 0.60000 -0.03000
v -0.13000 0.60000 -0.51600
v -0.13000 0.60000 -0.54400
v -0.11600 0.60000 -0.03000
v 0.11600 0.60000 -0.03000
v 0.13000 0.61400 -0.53000
v -0.13000 0.54600 -0.03000
v -0.13000 0.56000 -0.51600
v 0.13000 0.57212 -0.52300
v 0.13000 0.57212 -0.03700
v -0.13500 0.59000 0.46600
v 0.13500 0.57788 0.47300
v 0.13500 0.65788 0.48700
v -0.13500 0.67000 0.49400
v 0.12100 0.59000 -0.04000
v -0.12100 0.59000 -0.04000
v -0.13500 0.67000 -0.05400
v 0.14712 0.67000 -0.04700
v 0.14712 0.59000 0.48700
v 0.13500 0.59000 -0.02600
v 0.12288 0.67000 -0.03300
v 0.12288 0.67000 0.47300
v -0.13500 0.59000 -0.05400
v -0.13500 0.59000 0.46600
v -0.12288 0.67000 0.47300
v -0.12288 0.67000 -0.03300
v -0.13500 0.67000 -0.02600
v -0.14712 0.67000 0.48700
v 0.12288 0.67000 0.47300
v 0.13500 0.67000 -0.05400
v -0.13500 0.59000 0.49400
v -0.13500 0.59000 -0.05400
v 0.14900 0.59000 -0.04000
v 0.12100 0.59000 0.48000
v -0.11000 0.64400 0.50000
v 0.11000 0.61600 0.50000
v -0.11000 0.65828 0.50228
v 0.11000 0.65828 0.47428
v -0.09600 0.67000 0.46000
v 0.09600 0.67000 0.46000
v -0.11000 0.67228 0.43172
v 0.11000 0.64428 0.43172
v -0.11000 0.63000 0.43400
v 0.11000 0.63000 0.40600
v -0.09600 0.60172 0.43172
v 0.09600 0.60172 0.43172
v -0.11000 0.60400 0.46000
v 0.11000 0.57600 0.46000
v -0.11000 0.60172 0.47428
v 0.11823 0.60172 0.47696
v -0.09669 0.63000 0.49567
v 0.12331 0.63000 0.50433
v -0.10177 0.63000 0.47133
v 0.11000 0.63000 0.47400
v -0.17723 0.62000 0.49133
v -0.18231 0.62000 0.86433
v -0.17781 0.62779 0.47567
v -0.17273 0.62779 0.84867
v -0.15550 0.62779 0.46600
v -0.15550 0.61379 0.86000
v -0.15100 0.63400 0.48000
v -0.15100 0.62000 0.87400
v -0.15550 0.62433 0.48700
v -0.15550 0.62433 0.85300
v -0.16450 0.61221 0.46600
v -0.16450 0.60008 0.85300
v -0.16900 0.60788 0.48700
v -0.16900 0.62000 0.87400
v 0.13700 0.62000 0.48000
v 0.16500 0.62000 0.86000
v 0.15550 0.62779 0.49400
v 0.15550 0.63992 0.86700
v 0.16450 0.63992 0.47300
v 0.16450 0.62779 0.84600
v 0.16900 0.60788 0.47300
v 0.16900 0.60788 0.86700
v 0.16450 0.61221 0.49400
v 0.15050 0.61221 0.86000
v 0.16950 0.61221 0.48000
v 0.15550 0.61807 0.84729
v 0.15923 0.62475 0.46972
v 0.16431 0.62181 0.85607
v -0.14669 0.61819 0.87293
v 0.16823 0.61525 0.87928
v -0.16000 0.62193 0.87721
v 0.15177 0.62305 0.87478
v -0.17331 0.62598 0.85943
v 0.14669 0.62961 0.85157
v -0.16823 0.62475 0.84072
v 0.16000 0.62587 0.83829
v -0.16000 0.59949 0.84963
v 0.16000 0.62492 0.86137
v -0.17400 0.61221 0.86450
v 0.14867 0.62025 0.86625
v -0.16433 0.63301 0.87183
v 0.16433 0.63301 0.87183
v -0.14867 0.62804 0.86175
v 0.17400 0.62000 0.86000
v -0.14867 0.61196 0.60725
v 0.16433 0.60699 0.60617
v -0.16433 0.61478 0.60167
v 0.14867 0.61975 0.60275
v -0.17400 0.62779 0.59550
v 0.16000 0.63077 0.58182
v -0.16000 0.61703 0.60468
v 0.14630 0.62000 0.58814
v -0.17119 0.61884 0.60067
v 0.15788 0.62159 0.60567
v -0.15181 0.61884 0.61371
v 0.17370 0.61221 0.60736
v -0.14881 0.61336 0.60383
v 0.16212 0.61061 0.59883
v -0.16819 0.61336 0.59079
v 0.14630 0.62000 0.59714
v -0.16000 0.62443 0.76228
v 0.16990 0.62313 0.75839
v -0.14600 0.62779 0.74450
v 0.16990 0.62466 0.73511
v -0.16000 0.62337 0.72222
v 0.15010 0.62466 0.72611
v -0.17400 0.62000 0.73100
v 0.15010 0.62313 0.74039
v -0.16000 0.61663 0.74878
v 0.14600 0.61221 0.73550
v -0.16990 0.62211 0.74450
v 0.16000 0.62621 0.74450
v -0.15010 0.62990 0.74900
v 0.17400 0.62000 0.74900
v -0.15010 0.61010 0.74000
v 0.16000 0.60600 0.74000
v -0.17990 0.62010 0.86000
v 0.15600 0.63000 0.86000
v 0.15609 0.83000 0.85841
v -0.17887 0.83501 0.85039
v 0.17137 0.63709 0.48801
v -0.15920 0.63501 0.49264
v -0.15609 0.83000 0.50159
v 0.17887 0.82499 0.50961
v 0.16863 0.62291 0.87199
v 0.15920 0.62499 0.50736
v 0.15609 0.83000 0.49841
v 0.15630 0.83000 0.86286
v -0.17819 0.63664 0.50921
v -0.16788 0.63939 0.87017
v -0.15881 0.83664 0.86517
v -0.15630 0.83000 0.49714
v -0.16181 0.82336 0.49079
v -0.17212 0.82061 0.84983
v 0.15881 0.82336 0.85483
v 0.15630 0.83000 0.50286
v -0.17000 0.63443 0.87328
v -0.16010 0.63313 0.50939
v 0.18400 0.63000 0.50000
v 0.17990 0.62687 0.85061
v -0.10000 0.83557 0.67472
v 0.09010 0.83687 0.67861
v -0.11400 0.84693 0.68400
v 0.09010 0.85006 0.69339
v -0.10000 0.85136 0.68928
v 0.08600 0.84693 0.67600
v -0.10990 0.84990 0.67200
v 0.10000 0.85400 0.67200
v -0.09010 0.84297 0.67600
v 0.11400 0.83307 0.67600
v -0.09010 0.82317 0.68400
v 0.10000 0.81907 0.68400
v -0.10990 0.83010 0.68800
v 0.08600 0.84000 0.68800
v -0.11391 0.84000 0.68159
v 0.08920 0.84501 0.67264
v -0.10137 0.83709 0.66001
v -0.09113 0.84501 0.66239
v -0.07916 0.83000 0.67441
v -0.08227 0.83499 0.68336
v -0.09170 0.82291 0.69599
v -0.10194 0.83499 0.69361
v -0.11391 0.83000 0.68959
v -0.10000 0.84000 0.70200
v -0.10693 0.84212 0.69100
v -0.10693 0.85212 0.67700
v -0.10693 0.83000 0.66200
v -0.10693 0.82788 0.66900
v -0.10000 0.81788 0.67900
v -0.10000 0.84000 0.68600
v 0.08600 0.83000 0.67200
v 0.11400 0.84000 0.67200
v 0.10693 0.83000 0.69000
v 0.10693 0.85212 0.68300
v 0.10693 0.84212 0.67700
v 0.10693 0.84000 0.67000
v 0.10000 0.81788 0.68100
v 0.10000 0.82788 0.69500
v 0.09307 0.83000 0.69800
v 0.07907 0.84000 0.68400
v 0.10707 0.83000 0.67600
v 0.09307 0.84000 0.69000
v 0.10000 0.83000 0.65800
v 0.11400 0.84000 0.67200
v -0.06400 0.56000 0.88000
v 0.05000 0.57400 0.88000
v 0.05000 0.58600 0.88000
v -0.05000 0.60000 0.89400
v 0.05000 0.56000 0.82600
v -0.03600 0.56000 0.84000
v -0.06400 0.60000 0.84000
v 0.05000 0.61400 0.84000
v 0.05000 0.54600 0.88000
v 0.05000 0.56000 0.85400
v 0.05000 0.60000 0.82600
v 0.06400 0.60000 0.88000
v -0.06400 0.56000 0.84000
v -0.05000 0.57400 0.88000
v -0.05000 0.58600 0.88000
v -0.05000 0.60000 0.85400
v -0.05000 0.60000 0.82600
v -0.03600 0.60000 0.88000
v 0.03600 0.60000 0.88000
v 0.05000 0.61400 0.84000
v -0.05000 0.54600 0.88000
v -0.05000 0.56000 0.85400
v 0.05000 0.56990 0.84990
v 0.05000 0.57400 0.88000
v -0.07000 0.46490 0.85510
v 0.07000 0.45500 0.85100
v 0.07000 0.53510 0.85510
v -0.07000 0.53100 0.86500
v 0.07000 0.44510 0.86490
v -0.07000 0.45500 0.86900
v -0.08400 0.54500 0.85500
v 0.08400 0.54500 0.85500
v 0.05600 0.45500 0.86500
v 0.06010 0.46490 0.85520
v 0.07000 0.55900 0.85529
v 0.07990 0.55490 0.86520
v -0.05600 0.45500 0.85500
v -0.06010 0.44510 0.86480
v -0.07000 0.53100 0.86471
v -0.07990 0.53510 0.85480
v -0.08400 0.54500 0.85500
v -0.08400 0.54500 0.86500
v 0.06010 0.55261 0.85866
v 0.07000 0.55576 0.84604
v -0.06010 0.46261 0.85866
v -0.05600 0.45500 0.85500
v 0.07990 0.44739 0.86134
v 0.07000 0.44424 0.87396
v -0.11990 0.23239 0.04634
v 0.09600 0.24000 0.04000
v 0.12396 0.48000 0.04107
v -0.10063 0.48742 0.04729
v 0.10929 0.25050 -0.33077
v -0.12037 0.24742 -0.33423
v -0.12396 0.48000 -0.34107
v 0.10063 0.47258 -0.34729
v 0.11071 0.22950 0.03077
v 0.12037 0.23258 -0.34577
v 0.12396 0.48000 -0.33893
v 0.10919 0.47074 0.05047
v -0.10919 0.24926 -0.35047
v -0.11000 0.24000 0.02600
v -0.11000 0.48990 0.03010
v -0.11000 0.49400 -0.34000
v -0.11000 0.48990 -0.33010
v -0.11000 0.48000 0.05400
v 0.11000 0.47010 0.04990
v 0.11000 0.46600 -0.34000
v -0.11000 0.23010 0.03010
v -0.11000 0.24000 -0.35400
v 0.12400 0.24000 -0.34000
v 0.09600 0.24000 0.04000
v -0.12900 0.28000 -0.17400
v -0.12490 0.44990 -0.17380
v -0.10089 0.29400 -0.16913
v -0.09099 0.44990 -0.16921
v -0.07817 0.28000 -0.15742
v -0.08228 0.43010 -0.15762
v -0.09217 0.26600 -0.14287
v -0.10207 0.43010 -0.14279
v -0.11489 0.28000 -0.13058
v -0.11489 0.44000 -0.13058
v -0.12490 0.28761 -0.13234
v -0.11500 0.45076 -0.13496
v -0.11921 0.28761 -0.13692
v -0.11511 0.44000 -0.13058
v -0.12793 0.27239 -0.13625
v -0.13783 0.42924 -0.13362
v -0.14772 0.27239 -0.15108
v -0.15183 0.44000 -0.15742
v -0.11515 0.28000 -0.17049
v -0.11873 0.44742 -0.16365
v -0.11429 0.29050 -0.16477
v -0.12437 0.44742 -0.16671
v -0.12896 0.28000 -0.14893
v -0.12537 0.43258 -0.15577
v -0.12071 0.44950 -0.30123
v 0.12937 0.45258 -0.29929
v -0.10604 0.46693 -0.29707
v 0.12081 0.45767 -0.28553
v -0.12081 0.47619 -0.31447
v 0.12000 0.46693 -0.29000
v -0.12000 0.46990 -0.29810
v 0.12000 0.47400 -0.30800
v -0.12000 0.46297 -0.31390
v 0.12000 0.45307 -0.31800
v -0.12000 0.44317 -0.30590
v 0.12000 0.43907 -0.29600
v -0.12000 0.45010 -0.28210
v 0.12000 0.46000 -0.27800
v -0.13400 0.46000 -0.30000
v 0.13400 0.46000 -0.30000
v -0.12000 0.46000 0.03200
v 0.12000 0.46990 0.02790
v -0.12000 0.48093 0.01400
v 0.12000 0.47683 0.00410
v -0.12000 0.46693 -0.00800
v 0.12000 0.45703 -0.00390
v -0.12000 0.44600 0.00200
v 0.12000 0.45010 0.01190
v -0.12000 0.45307 0.02000
v 0.10600 0.45307 0.00600
v -0.10600 0.45307 0.01400
v 0.12000 0.45813 0.00095
v -0.11177 0.46409 0.00744
v 0.13331 0.46156 0.01397
v -0.10669 0.45844 0.01403
v 0.12823 0.45591 0.02056
v 0.00000 0.70584 -0.70055
v -0.00823 0.83680 -0.64305
v 0.00197 0.70725 -0.70506
v 0.00197 0.84038 -0.65313
v 0.01650 0.70746 -0.70786
v 0.02473 0.83843 -0.65035
v 0.02473 0.68358 -0.68776
v 0.02473 0.83969 -0.61765
v 0.01528 0.69119 -0.65690
v 0.01528 0.82119 -0.62490
v 0.01400 0.68910 -0.66639
v -0.01400 0.81910 -0.60639
v -0.01528 0.70519 -0.67090
v -0.01528 0.80719 -0.61090
v -0.02473 0.70161 -0.69579
v -0.01483 0.83015 -0.63196
v -0.01073 0.70337 -0.69729
v -0.01483 0.82985 -0.62804
v -0.01528 0.70384 -0.69601
v -0.02518 0.83530 -0.63984
v -0.01400 0.71090 -0.71361
v -0.00990 0.84441 -0.66286
v -0.00000 0.70497 -0.70309
v 0.00000 0.83497 -0.64309
v -0.01210 0.75352 -0.64925
v -0.00800 0.60000 0.05000
v -0.00790 0.75912 -0.62800
v -0.01780 0.60766 0.06583
v -0.01670 0.76693 -0.62630
v -0.02080 0.62045 0.05444
v -0.00310 0.77396 -0.64481
v 0.00680 0.62542 0.04136
v 0.01780 0.76761 -0.65034
v 0.02770 0.61615 0.04349
v 0.03600 0.75000 -0.64000
v 0.03190 0.59648 0.05925
v 0.01780 0.73239 -0.62966
v 0.00790 0.58385 0.05651
v -0.00720 0.72955 -0.64444
v -0.00310 0.58307 0.03630
v -0.00680 0.73453 -0.65753
v -0.00680 0.58453 0.03247
v -0.00790 0.74088 -0.65200
v -0.00380 0.58736 0.04725
v -0.01210 0.74648 -0.63075
v -0.02200 0.59503 0.06309
v -0.00990 0.74648 -0.63075
v -0.01400 0.60000 0.05000
v -0.05756 0.72352 -0.66252
v -0.09566 0.46497 -0.43636
v -0.04479 0.73256 -0.65718
v -0.08289 0.47110 -0.42335
v -0.02043 0.73073 -0.63838
v -0.07253 0.46721 -0.39913
v -0.02264 0.72261 -0.62638
v -0.08054 0.46407 -0.40022
v -0.03034 0.72000 -0.64673
v -0.07424 0.46352 -0.42599
v -0.01921 0.71739 -0.66899
v -0.06721 0.45739 -0.43899
v -0.01968 0.71279 -0.67087
v -0.06357 0.44927 -0.43162
v -0.03146 0.70890 -0.65127
v -0.08936 0.44744 -0.41744
v -0.05756 0.71648 -0.64401
v -0.10966 0.46000 -0.42327
v -0.08990 0.46858 -0.41407
v -0.08000 0.23003 -0.33791
v -0.06869 0.46855 -0.42235
v -0.05879 0.22709 -0.33852
v -0.05000 0.46000 -0.42000
v -0.05410 0.21648 -0.33075
v -0.06869 0.45145 -0.41765
v -0.07859 0.21291 -0.34148
v -0.09400 0.45494 -0.43518
v -0.08990 0.21846 -0.36443
v -0.09131 0.46140 -0.44382
v -0.09131 0.22140 -0.36382
v -0.08610 0.46352 -0.42925
v -0.08200 0.22000 -0.34000
v -0.08141 0.46006 -0.40001
v -0.09131 0.21860 -0.31618
v -0.08990 0.46154 -0.39557
v -0.09400 0.22506 -0.32482
v -0.10590 0.22352 -0.34925
v -0.09600 0.22497 0.03691
v -0.09131 0.23629 -0.35309
v -0.08141 0.23483 0.04075
v -0.06600 0.23600 -0.34000
v -0.07010 0.23248 0.05925
v -0.06869 0.22634 -0.32691
v -0.07859 0.22780 0.05925
v -0.07800 0.22000 -0.34000
v -0.07390 0.22352 0.04075
v -0.06869 0.21366 -0.35309
v -0.06869 0.21366 0.03691
v -0.07010 0.20752 -0.34925
v -0.06600 0.20400 0.05000
v -0.08141 0.20517 -0.33075
v -0.09131 0.20371 0.06309
v -0.10590 0.21648 -0.33075
v -0.11000 0.22000 0.05000
v -0.10580 0.22352 0.03893
v -0.10390 0.34497 0.10510
v -0.09013 0.23070 0.02594
v -0.08823 0.34924 0.09977
v -0.06443 0.22810 0.03629
v -0.07653 0.34458 0.11555
v -0.06765 0.22076 0.05468
v -0.08555 0.34221 0.12085
v -0.07810 0.22000 0.05182
v -0.08200 0.34352 0.11256
v -0.06987 0.21924 0.04789
v -0.07787 0.33924 0.11789
v -0.07167 0.21542 0.05445
v -0.07557 0.33190 0.13371
v -0.08245 0.21076 0.06766
v -0.10035 0.32930 0.14150
v -0.10580 0.21648 0.05744
v -0.11790 0.34000 0.11818
v 0.00644 0.72352 -0.65599
v 0.06434 0.46497 -0.42982
v 0.02264 0.73258 -0.65255
v 0.07887 0.47163 -0.42005
v 0.04774 0.73227 -0.64242
v 0.09574 0.46918 -0.40434
v 0.05302 0.72355 -0.63351
v 0.09279 0.46259 -0.40102
v 0.03943 0.71596 -0.64269
v 0.08235 0.45846 -0.41923
v 0.02805 0.71396 -0.66457
v 0.08113 0.45645 -0.44111
v 0.02957 0.71427 -0.67470
v 0.07757 0.43619 -0.43661
v 0.01921 0.72549 -0.65091
v 0.06721 0.45747 -0.43896
v 0.02457 0.72409 -0.65729
v 0.07765 0.46156 -0.42077
v 0.09331 0.46350 -0.40079
v 0.08823 0.22097 -0.31426
v 0.09131 0.45852 -0.39621
v 0.08308 0.21949 -0.31871
v 0.08269 0.45844 -0.41597
v 0.08269 0.22156 -0.34403
v 0.08308 0.46051 -0.44129
v 0.09131 0.22148 -0.36379
v 0.08000 0.44189 -0.44024
v 0.08000 0.22799 -0.35012
v 0.06869 0.45642 -0.41673
v 0.06869 0.21642 -0.36473
v 0.07800 0.46000 -0.42000
v 0.05000 0.22000 -0.34000
v 0.06869 0.47758 -0.40927
v 0.06869 0.20958 -0.32927
v 0.08000 0.47003 -0.41791
v 0.08990 0.22858 -0.33407
v 0.07800 0.22000 -0.34000
v 0.07390 0.21648 0.05925
v 0.06869 0.22634 -0.32691
v 0.05879 0.22780 0.05925
v 0.06600 0.23600 -0.34000
v 0.07010 0.23952 0.04075
v 0.09131 0.23629 -0.35309
v 0.09131 0.23629 0.03691
v 0.10590 0.22352 -0.34925
v 0.11000 0.22000 0.05000
v 0.10121 0.20517 -0.33075
v 0.09131 0.20371 0.06309
v 0.07010 0.20048 -0.33075
v 0.06600 0.20400 0.05000
v 0.05879 0.21220 -0.34925
v 0.06869 0.21366 0.03691
v 0.06400 0.22497 -0.35309
v 0.07390 0.22352 0.04075
v 0.07810 0.22000 0.05182
v 0.08200 0.33648 0.13107
v 0.06765 0.22076 0.05468
v 0.06575 0.34221 0.12085
v 0.06443 0.22810 0.03629
v 0.07653 0.35162 0.09704
v 0.09013 0.23070 0.02594
v 0.09813 0.35070 0.09594
v 0.10580 0.22352 0.03893
v 0.11790 0.34000 0.11818
v 0.10225 0.21076 0.06766
v 0.10035 0.32930 0.14150
v 0.07167 0.20838 0.07296
v 0.07557 0.33190 0.13371
v 0.05997 0.21779 0.05172
v 0.07787 0.33924 0.11789
v 0.06410 0.22497 0.03873
v 0.08200 0.34352 0.11256
v -0.06600 0.22000 -0.30400
v 0.08990 0.21648 -0.29475
v -0.08000 0.22888 -0.29891
v 0.07010 0.23034 -0.30275
v -0.09400 0.23386 -0.32800
v 0.07010 0.23737 -0.33725
v -0.08000 0.22497 -0.34909
v 0.08000 0.22497 -0.34909
v -0.07010 0.20966 -0.33725
v 0.09400 0.20614 -0.32800
v -0.07010 0.20263 -0.30275
v 0.08000 0.20117 -0.29891
v -0.08990 0.21648 -0.29475
v 0.06600 0.22000 -0.30400
v -0.08990 0.22352 -0.32925
v 0.08000 0.22497 -0.33309
v -0.08000 0.22497 0.04291
v 0.08990 0.22352 0.04675
v -0.06600 0.23386 0.04800
v 0.08990 0.23034 0.05725
v -0.08000 0.22888 0.04509
v 0.07010 0.23034 0.04125
v -0.09400 0.22000 0.02400
v 0.07010 0.22352 0.01475
v -0.08000 0.21112 0.01891
v 0.08000 0.21112 0.01891
v -0.07010 0.20966 0.03875
v 0.09400 0.20614 0.04800
v -0.07010 0.21648 0.06525
v 0.08000 0.21503 0.06909
v -0.08990 0.21648 0.04925
v 0.06600 0.22000 0.04000
v -0.14390 0.32102 0.84075
v -0.10600 0.32247 0.83691
v -0.10600 0.37747 0.83691
v -0.12410 0.37602 0.84075
v -0.09200 0.31750 0.12000
v -0.12410 0.31398 0.12925
v -0.13400 0.36753 0.13309
v -0.11590 0.36898 0.12925
v -0.12000 0.31750 0.85000
v -0.11590 0.32102 0.11075
v -0.10600 0.37747 0.10691
v -0.10600 0.37747 0.83691
v -0.12410 0.32102 0.11075
v -0.12000 0.31750 0.85000
v -0.12410 0.36898 0.85925
v -0.13400 0.36753 0.13309
v -0.14390 0.36898 0.12925
v -0.14800 0.37250 0.85000
v -0.11590 0.37602 0.84075
v -0.10600 0.37747 0.10691
v -0.13400 0.32247 0.83691
v -0.12410 0.32102 0.11075
v -0.09200 0.31750 0.12000
v -0.09610 0.31398 0.85925
v -0.15750 0.31003 0.90309
v -0.13240 0.31148 0.89925
v -0.13650 0.38500 0.89000
v -0.16740 0.38852 0.88075
v -0.12250 0.31997 0.79691
v -0.15750 0.31997 0.79691
v -0.14760 0.38852 0.80075
v -0.10850 0.38500 0.81000
v -0.11260 0.31148 0.89925
v -0.12250 0.31003 0.82309
v -0.13240 0.38148 0.81925
v -0.13650 0.38500 0.89000
v -0.16740 0.31852 0.80075
v -0.15750 0.31997 0.87691
v -0.15750 0.38999 0.87692
v -0.14927 0.38904 0.79942
v -0.14419 0.38654 0.80596
v -0.14419 0.38346 0.89404
v -0.11427 0.38096 0.90058
v -0.12250 0.38001 0.82308
v -0.16573 0.31096 0.90058
v -0.17081 0.31346 0.81404
v -0.13581 0.31654 0.80596
v -0.13073 0.31904 0.87942
v 0.10600 0.32249 0.83692
v 0.13400 0.30442 0.84501
v 0.13400 0.38558 0.85499
v 0.10600 0.37250 0.86400
v 0.13400 0.31750 0.10600
v 0.12000 0.31750 0.12000
v 0.09200 0.37250 0.12000
v 0.13400 0.38650 0.12000
v 0.13400 0.30350 0.85000
v 0.13400 0.31750 0.13400
v 0.13400 0.37250 0.10600
v 0.14800 0.37250 0.85000
v 0.09200 0.31750 0.12000
v 0.10600 0.33150 0.85000
v 0.10600 0.35850 0.85000
v 0.10600 0.37747 0.10691
v 0.11590 0.37602 0.11075
v 0.12000 0.37250 0.85000
v 0.14390 0.36898 0.85925
v 0.13400 0.36753 0.13309
v 0.09610 0.31398 0.85925
v 0.09200 0.31750 0.12000
v 0.12410 0.32102 0.11075
v 0.13400 0.32247 0.83691
v 0.12250 0.30191 0.88503
v 0.15750 0.32809 0.89497
v 0.15750 0.39620 0.88160
v 0.12250 0.39620 0.88160
v 0.15750 0.32620 0.80160
v 0.12250 0.31500 0.81000
v 0.12250 0.38500 0.81000
v 0.15750 0.38500 0.81000
v 0.15750 0.31500 0.89000
v 0.15750 0.31500 0.81000
v 0.15750 0.38500 0.81000
v 0.15750 0.38500 0.89000
v 0.12250 0.31500 0.81000
v 0.12250 0.31500 0.89000
v 0.12250 0.38500 0.89000
v 0.12250 0.38500 0.81000
v 0.12250 0.38500 0.81000
v 0.12250 0.38500 0.89000
v 0.15750 0.38500 0.89000
v 0.15750 0.38500 0.81000
v 0.12250 0.31500 0.89000
v 0.12250 0.31500 0.81000
v 0.15750 0.31500 0.81000
v 0.15750 0.31500 0.89000
v -0.12000 0.34000 0.14400
v 0.12000 0.34000 0.14400
v -0.12000 0.35697 0.13697
v 0.12000 0.35697 0.13697
v -0.12000 0.36400 0.12000
v 0.12000 0.36400 0.12000
v -0.12000 0.35697 0.10303
v 0.12000 0.35697 0.10303
v -0.12000 0.34000 0.09600
v 0.12000 0.34000 0.09600
v -0.12000 0.32303 0.10303
v 0.12000 0.32303 0.10303
v -0.12000 0.31600 0.12000
v 0.12000 0.31600 0.12000
v -0.12000 0.32303 0.13697
v 0.12000 0.32303 0.13697
v -0.12000 0.34000 0.14400
v 0.12000 0.34000 0.14400
v -0.12000 0.34000 0.12000
v 0.12000 0.34000 0.12000
v -0.12300 0.60000 0.05000
v -0.12300 0.59000 0.54000
v -0.11919 0.60919 0.05019
v -0.11919 0.59919 0.54019
v -0.11000 0.61300 0.05027
v -0.11000 0.60300 0.54027
v -0.10081 0.60919 0.05019
v -0.10081 0.59919 0.54019
v -0.09700 0.60000 0.05000
v -0.09700 0.59000 0.54000
v -0.10081 0.59081 0.04981
v -0.10081 0.58081 0.53981
v -0.11000 0.58700 0.04973
v -0.11000 0.57700 0.53973
v -0.11919 0.59081 0.04981
v -0.11919 0.58081 0.53981
v -0.12300 0.60000 0.05000
v -0.12300 0.59000 0.54000
v -0.12300 0.34000 0.12000
v -0.12300 0.59000 0.42000
v -0.11919 0.34706 0.11412
v -0.11919 0.59706 0.41412
v -0.11000 0.34999 0.11168
v -0.11000 0.59999 0.41168
v -0.10081 0.34706 0.11412
v -0.10081 0.59706 0.41412
v -0.09700 0.34000 0.12000
v -0.09700 0.59000 0.42000
v -0.10081 0.33294 0.12588
v -0.10081 0.58294 0.42588
v -0.11000 0.33001 0.12832
v -0.11000 0.58001 0.42832
v -0.11919 0.33294 0.12588
v -0.11919 0.58294 0.42588
v -0.12300 0.34000 0.12000
v -0.12300 0.59000 0.42000
v -0.11006 0.35000 0.66153
v -0.09006 0.58000 0.40153
v -0.11662 0.36061 0.67041
v -0.09662 0.59061 0.41041
v -0.13101 0.36500 0.67319
v -0.11101 0.59500 0.41319
v -0.14482 0.36061 0.66824
v -0.12482 0.59061 0.40824
v -0.14994 0.35000 0.65847
v -0.12994 0.58000 0.39847
v -0.14338 0.33939 0.64959
v -0.12338 0.56939 0.38959
v -0.12899 0.33500 0.64681
v -0.10899 0.56500 0.38681
v -0.11518 0.33939 0.65176
v -0.09518 0.56939 0.39176
v -0.11006 0.35000 0.66153
v -0.09006 0.58000 0.40153
v -0.13000 0.35000 0.66000
v -0.11000 0.58000 0.40000
v -0.08000 0.26000 0.03500
v -0.22000 0.26000 0.03500
v -0.08000 0.27061 0.03939
v -0.22000 0.27061 0.03939
v -0.08000 0.27500 0.05000
v -0.22000 0.27500 0.05000
v -0.08000 0.27061 0.06061
v -0.22000 0.27061 0.06061
v -0.08000 0.26000 0.06500
v -0.22000 0.26000 0.06500
v -0.08000 0.24939 0.06061
v -0.22000 0.24939 0.06061
v -0.08000 0.24500 0.05000
v -0.22000 0.24500 0.05000
v -0.08000 0.24939 0.03939
v -0.22000 0.24939 0.03939
v -0.08000 0.26000 0.03500
v -0.22000 0.26000 0.03500
v -0.08000 0.26000 0.05000
v -0.22000 0.26000 0.05000
v 0.09700 0.60000 0.05000
v 0.09700 0.59000 0.54000
v 0.10081 0.60919 0.05019
v 0.10081 0.59919 0.54019
v 0.11000 0.61300 0.05027
v 0.11000 0.60300 0.54027
v 0.11919 0.60919 0.05019
v 0.11919 0.59919 0.54019
v 0.12300 0.60000 0.05000
v 0.12300 0.59000 0.54000
v 0.11919 0.59081 0.04981
v 0.11919 0.58081 0.53981
v 0.11000 0.58700 0.04973
v 0.11000 0.57700 0.53973
v 0.10081 0.59081 0.04981
v 0.10081 0.58081 0.53981
v 0.09700 0.60000 0.05000
v 0.09700 0.59000 0.54000
v 0.09700 0.34000 0.12000
v 0.09700 0.59000 0.42000
v 0.10081 0.34706 0.11412
v 0.10081 0.59706 0.41412
v 0.11000 0.34999 0.11168
v 0.11000 0.59999 0.41168
v 0.11919 0.34706 0.11412
v 0.11919 0.59706 0.41412
v 0.12300 0.34000 0.12000
v 0.12300 0.59000 0.42000
v 0.11919 0.33294 0.12588
v 0.11919 0.58294 0.42588
v 0.11000 0.33001 0.12832
v 0.11000 0.58001 0.42832
v 0.10081 0.33294 0.12588
v 0.10081 0.58294 0.42588
v 0.09700 0.34000 0.12000
v 0.09700 0.59000 0.42000
v 0.14994 0.35000 0.65847
v 0.12994 0.58000 0.39847
v 0.14482 0.36061 0.66824
v 0.12482 0.59061 0.40824
v 0.13101 0.36500 0.67319
v 0.11101 0.59500 0.41319
v 0.11662 0.36061 0.67041
v 0.09662 0.59061 0.41041
v 0.11006 0.35000 0.66153
v 0.09006 0.58000 0.40153
v 0.11518 0.33939 0.65176
v 0.09518 0.56939 0.39176
v 0.12899 0.33500 0.64681
v 0.10899 0.56500 0.38681
v 0.14338 0.33939 0.64959
v 0.12338 0.56939 0.38959
v 0.14994 0.35000 0.65847
v 0.12994 0.58000 0.39847
v 0.13000 0.35000 0.66000
v 0.11000 0.58000 0.40000
v 0.08000 0.26000 0.06500
v 0.22000 0.26000 0.06500
v 0.08000 0.27061 0.06061
v 0.22000 0.27061 0.06061
v 0.08000 0.27500 0.05000
v 0.22000 0.27500 0.05000
v 0.08000 0.27061 0.03939
v 0.22000 0.27061 0.03939
v 0.08000 0.26000 0.03500
v 0.22000 0.26000 0.03500
v 0.08000 0.24939 0.03939
v 0.22000 0.24939 0.03939
v 0.08000 0.24500 0.05000
v 0.22000 0.24500 0.05000
v 0.08000 0.24939 0.06061
v 0.22000 0.24939 0.06061
v 0.08000 0.26000 0.06500
v 0.22000 0.26000 0.06500
v 0.08000 0.26000 0.05000
v 0.22000 0.26000 0.05000
v -0.11000 0.59000 0.55300
v 0.11000 0.59000 0.55300
v -0.11000 0.59919 0.54919
v 0.11000 0.59919 0.54919
v -0.11000 0.60300 0.54000
v 0.11000 0.60300 0.54000
v -0.11000 0.59919 0.53081
v 0.11000 0.59919 0.53081
v -0.11000 0.59000 0.52700
v 0.11000 0.59000 0.52700
v -0.11000 0.58081 0.53081
v 0.11000 0.58081 0.53081
v -0.11000 0.57700 0.54000
v 0.11000 0.57700 0.54000
v -0.11000 0.58081 0.54919
v 0.11000 0.58081 0.54919
v -0.11000 0.59000 0.55300
v 0.11000 0.59000 0.55300
v -0.11000 0.59000 0.54000
v 0.11000 0.59000 0.54000
v -0.12000 0.35867 -0.87238
v -0.12000 0.51867 -0.81038
v -0.10589 0.35702 -0.86810
v -0.10589 0.51702 -0.80610
v -0.09717 0.35268 -0.85692
v -0.09717 0.51268 -0.79492
v -0.09717 0.34732 -0.84308
v -0.09717 0.50732 -0.78108
v -0.10589 0.34298 -0.83190
v -0.10589 0.50298 -0.76990
v -0.12000 0.34133 -0.82762
v -0.12000 0.50133 -0.76562
v -0.13411 0.34298 -0.83190
v -0.13411 0.50298 -0.76990
v -0.14283 0.34732 -0.84308
v -0.14283 0.50732 -0.78108
v -0.14283 0.35268 -0.85692
v -0.14283 0.51268 -0.79492
v -0.13411 0.35702 -0.86810
v -0.13411 0.51702 -0.80610
v -0.12000 0.35867 -0.87238
v -0.12000 0.51867 -0.81038
v -0.12000 0.35000 -0.85000
v -0.12000 0.51000 -0.78800
v -0.14500 0.32000 -0.82000
v -0.09500 0.32000 -0.82000
v -0.09500 0.38000 -0.82000
v -0.14500 0.38000 -0.82000
v -0.09500 0.32000 -0.88000
v -0.14500 0.32000 -0.88000
v -0.14500 0.38000 -0.88000
v -0.09500 0.38000 -0.88000
v -0.09500 0.32000 -0.82000
v -0.09500 0.32000 -0.88000
v -0.09500 0.38000 -0.88000
v -0.09500 0.38000 -0.82000
v -0.14500 0.32000 -0.88000
v -0.14500 0.32000 -0.82000
v -0.14500 0.38000 -0.82000
v -0.14500 0.38000 -0.88000
v -0.14500 0.38000 -0.88000
v -0.14500 0.38000 -0.82000
v -0.09500 0.38000 -0.82000
v -0.09500 0.38000 -0.88000
v -0.14500 0.32000 -0.82000
v -0.14500 0.32000 -0.88000
v -0.09500 0.32000 -0.88000
v -0.09500 0.32000 -0.82000
v -0.12000 0.51781 -0.80857
v -0.12000 0.53732 -0.80971
v -0.10444 0.51553 -0.80254
v -0.09879 0.53420 -0.80150
v -0.09800 0.51000 -0.78800
v -0.09000 0.52667 -0.78167
v -0.10444 0.50447 -0.77346
v -0.09879 0.51913 -0.76184
v -0.12000 0.50219 -0.76743
v -0.12000 0.51601 -0.75362
v -0.13556 0.50447 -0.77346
v -0.14121 0.51913 -0.76184
v -0.14200 0.51000 -0.78800
v -0.15000 0.52667 -0.78167
v -0.13556 0.51553 -0.80254
v -0.14121 0.53420 -0.80150
v -0.12000 0.51781 -0.80857
v -0.12000 0.53732 -0.80971
v -0.12000 0.53732 -0.80971
v -0.12000 0.55115 -0.79590
v -0.09879 0.53420 -0.80150
v -0.10444 0.54886 -0.78988
v -0.09000 0.52667 -0.78167
v -0.09800 0.54333 -0.77533
v -0.09879 0.51913 -0.76184
v -0.10444 0.53781 -0.76079
v -0.12000 0.51601 -0.75362
v -0.12000 0.53552 -0.75477
v -0.14121 0.51913 -0.76184
v -0.13556 0.53781 -0.76079
v -0.15000 0.52667 -0.78167
v -0.14200 0.54333 -0.77533
v -0.14121 0.53420 -0.80150
v -0.13556 0.54886 -0.78988
v -0.12000 0.53732 -0.80971
v -0.12000 0.55115 -0.79590
v -0.12000 0.55115 -0.79590
v -0.12000 0.57066 -0.79704
v -0.10444 0.54886 -0.78988
v -0.09879 0.56754 -0.78883
v -0.09800 0.54333 -0.77533
v -0.09000 0.56000 -0.76900
v -0.10444 0.53781 -0.76079
v -0.09879 0.55246 -0.74917
v -0.12000 0.53552 -0.75477
v -0.12000 0.54934 -0.74096
v -0.13556 0.53781 -0.76079
v -0.14121 0.55246 -0.74917
v -0.14200 0.54333 -0.77533
v -0.15000 0.56000 -0.76900
v -0.13556 0.54886 -0.78988
v -0.14121 0.56754 -0.78883
v -0.12000 0.55115 -0.79590
v -0.12000 0.57066 -0.79704
v -0.12000 0.57066 -0.79704
v -0.12000 0.58448 -0.78323
v -0.09879 0.56754 -0.78883
v -0.10444 0.58219 -0.77721
v -0.09000 0.56000 -0.76900
v -0.09800 0.57667 -0.76267
v -0.09879 0.55246 -0.74917
v -0.10444 0.57114 -0.74812
v -0.12000 0.54934 -0.74096
v -0.12000 0.56885 -0.74210
v -0.14121 0.55246 -0.74917
v -0.13556 0.57114 -0.74812
v -0.15000 0.56000 -0.76900
v -0.14200 0.57667 -0.76267
v -0.14121 0.56754 -0.78883
v -0.13556 0.58219 -0.77721
v -0.12000 0.57066 -0.79704
v -0.12000 0.58448 -0.78323
v -0.12000 0.58448 -0.78323
v -0.12000 0.60399 -0.78438
v -0.10444 0.58219 -0.77721
v -0.09879 0.60087 -0.77616
v -0.09800 0.57667 -0.76267
v -0.09000 0.59333 -0.75633
v -0.10444 0.57114 -0.74812
v -0.09879 0.58580 -0.73650
v -0.12000 0.56885 -0.74210
v -0.12000 0.58268 -0.72829
v -0.13556 0.57114 -0.74812
v -0.14121 0.58580 -0.73650
v -0.14200 0.57667 -0.76267
v -0.15000 0.59333 -0.75633
v -0.13556 0.58219 -0.77721
v -0.14121 0.60087 -0.77616
v -0.12000 0.58448 -0.78323
v -0.12000 0.60399 -0.78438
v -0.12000 0.60399 -0.78438
v -0.12000 0.61781 -0.77057
v -0.09879 0.60087 -0.77616
v -0.10444 0.61553 -0.76454
v -0.09000 0.59333 -0.75633
v -0.09800 0.61000 -0.75000
v -0.09879 0.58580 -0.73650
v -0.10444 0.60447 -0.73546
v -0.12000 0.58268 -0.72829
v -0.12000 0.60219 -0.72943
v -0.14121 0.58580 -0.73650
v -0.13556 0.60447 -0.73546
v -0.15000 0.59333 -0.75633
v -0.14200 0.61000 -0.75000
v -0.14121 0.60087 -0.77616
v -0.13556 0.61553 -0.76454
v -0.12000 0.60399 -0.78438
v -0.12000 0.61781 -0.77057
v -0.12000 0.61781 -0.77057
v -0.12000 0.63732 -0.77171
v -0.10444 0.61553 -0.76454
v -0.09879 0.63420 -0.76350
v -0.09800 0.61000 -0.75000
v -0.09000 0.62667 -0.74367
v -0.10444 0.60447 -0.73546
v -0.09879 0.61913 -0.72384
v -0.12000 0.60219 -0.72943
v -0.12000 0.61601 -0.71562
v -0.13556 0.60447 -0.73546
v -0.14121 0.61913 -0.72384
v -0.14200 0.61000 -0.75000
v -0.15000 0.62667 -0.74367
v -0.13556 0.61553 -0.76454
v -0.14121 0.63420 -0.76350
v -0.12000 0.61781 -0.77057
v -0.12000 0.63732 -0.77171
v -0.12000 0.63732 -0.77171
v -0.12000 0.65115 -0.75790
v -0.09879 0.63420 -0.76350
v -0.10444 0.64886 -0.75188
v -0.09000 0.62667 -0.74367
v -0.09800 0.64333 -0.73733
v -0.09879 0.61913 -0.72384
v -0.10444 0.63781 -0.72279
v -0.12000 0.61601 -0.71562
v -0.12000 0.63552 -0.71677
v -0.14121 0.61913 -0.72384
v -0.13556 0.63781 -0.72279
v -0.15000 0.62667 -0.74367
v -0.14200 0.64333 -0.73733
v -0.14121 0.63420 -0.76350
v -0.13556 0.64886 -0.75188
v -0.12000 0.63732 -0.77171
v -0.12000 0.65115 -0.75790
v -0.12000 0.65115 -0.75790
v -0.12000 0.67066 -0.75904
v -0.10444 0.64886 -0.75188
v -0.09879 0.66754 -0.75083
v -0.09800 0.64333 -0.73733
v -0.09000 0.66000 -0.73100
v -0.10444 0.63781 -0.72279
v -0.09879 0.65246 -0.71117
v -0.12000 0.63552 -0.71677
v -0.12000 0.64934 -0.70296
v -0.13556 0.63781 -0.72279
v -0.14121 0.65246 -0.71117
v -0.14200 0.64333 -0.73733
v -0.15000 0.66000 -0.73100
v -0.13556 0.64886 -0.75188
v -0.14121 0.66754 -0.75083
v -0.12000 0.65115 -0.75790
v -0.12000 0.67066 -0.75904
v -0.12000 0.67066 -0.75904
v -0.12000 0.68448 -0.74523
v -0.09879 0.66754 -0.75083
v -0.10444 0.68219 -0.73921
v -0.09000 0.66000 -0.73100
v -0.09800 0.67667 -0.72467
v -0.09879 0.65246 -0.71117
v -0.10444 0.67114 -0.71012
v -0.12000 0.64934 -0.70296
v -0.12000 0.66885 -0.70410
v -0.14121 0.65246 -0.71117
v -0.13556 0.67114 -0.71012
v -0.15000 0.66000 -0.73100
v -0.14200 0.67667 -0.72467
v -0.14121 0.66754 -0.75083
v -0.13556 0.68219 -0.73921
v -0.12000 0.67066 -0.75904
v -0.12000 0.68448 -0.74523
v -0.12000 0.68448 -0.74523
v -0.12000 0.70399 -0.74638
v -0.10444 0.68219 -0.73921
v -0.09879 0.70087 -0.73816
v -0.09800 0.67667 -0.72467
v -0.09000 0.69333 -0.71833
v -0.10444 0.67114 -0.71012
v -0.09879 0.68580 -0.69850
v -0.12000 0.66885 -0.70410
v -0.12000 0.68268 -0.69029
v -0.13556 0.67114 -0.71012
v -0.14121 0.68580 -0.69850
v -0.14200 0.67667 -0.72467
v -0.15000 0.69333 -0.71833
v -0.13556 0.68219 -0.73921
v -0.14121 0.70087 -0.73816
v -0.12000 0.68448 -0.74523
v -0.12000 0.70399 -0.74638
v -0.12000 0.70399 -0.74638
v -0.12000 0.71781 -0.73257
v -0.09879 0.70087 -0.73816
v -0.10444 0.71553 -0.72654
v -0.09000 0.69333 -0.71833
v -0.09800 0.71000 -0.71200
v -0.09879 0.68580 -0.69850
v -0.10444 0.70447 -0.69746
v -0.12000 0.68268 -0.69029
v -0.12000 0.70219 -0.69143
v -0.14121 0.68580 -0.69850
v -0.13556 0.70447 -0.69746
v -0.15000 0.69333 -0.71833
v -0.14200 0.71000 -0.71200
v -0.14121 0.70087 -0.73816
v -0.13556 0.71553 -0.72654
v -0.12000 0.70399 -0.74638
v -0.12000 0.71781 -0.73257
v -0.12000 0.71713 -0.73068
v -0.12000 0.82713 -0.68868
v -0.10824 0.71577 -0.72712
v -0.10824 0.82577 -0.68512
v -0.10098 0.71220 -0.71777
v -0.10098 0.82220 -0.67577
v -0.10098 0.70780 -0.70623
v -0.10098 0.81780 -0.66423
v -0.10824 0.70423 -0.69688
v -0.10824 0.81423 -0.65488
v -0.12000 0.70287 -0.69332
v -0.12000 0.81287 -0.65132
v -0.13176 0.70423 -0.69688
v -0.13176 0.81423 -0.65488
v -0.13902 0.70780 -0.70623
v -0.13902 0.81780 -0.66423
v -0.13902 0.71220 -0.71777
v -0.13902 0.82220 -0.67577
v -0.13176 0.71577 -0.72712
v -0.13176 0.82577 -0.68512
v -0.12000 0.71713 -0.73068
v -0.12000 0.82713 -0.68868
v -0.12000 0.71000 -0.71200
v -0.12000 0.82000 -0.67000
v 0.12000 0.35867 -0.87238
v 0.12000 0.51867 -0.81038
v 0.13411 0.35702 -0.86810
v 0.13411 0.51702 -0.80610
v 0.14283 0.35268 -0.85692
v 0.14283 0.51268 -0.79492
v 0.14283 0.34732 -0.84308
v 0.14283 0.50732 -0.78108
v 0.13411 0.34298 -0.83190
v 0.13411 0.50298 -0.76990
v 0.12000 0.34133 -0.82762
v 0.12000 0.50133 -0.76562
v 0.10589 0.34298 -0.83190
v 0.10589 0.50298 -0.76990
v 0.09717 0.34732 -0.84308
v 0.09717 0.50732 -0.78108
v 0.09717 0.35268 -0.85692
v 0.09717 0.51268 -0.79492
v 0.10589 0.35702 -0.86810
v 0.10589 0.51702 -0.80610
v 0.12000 0.35867 -0.87238
v 0.12000 0.51867 -0.81038
v 0.12000 0.35000 -0.85000
v 0.12000 0.51000 -0.78800
v 0.09500 0.32000 -0.82000
v 0.14500 0.32000 -0.82000
v 0.14500 0.38000 -0.82000
v 0.09500 0.38000 -0.82000
v 0.14500 0.32000 -0.88000
v 0.09500 0.32000 -0.88000
v 0.09500 0.38000 -0.88000
v 0.14500 0.38000 -0.88000
v 0.14500 0.32000 -0.82000
v 0.14500 0.32000 -0.88000
v 0.14500 0.38000 -0.88000
v 0.14500 0.38000 -0.82000
v 0.09500 0.32000 -0.88000
v 0.09500 0.32000 -0.82000
v 0.09500 0.38000 -0.82000
v 0.09500 0.38000 -0.88000
v 0.09500 0.38000 -0.88000
v 0.09500 0.38000 -0.82000
v 0.14500 0.38000 -0.82000
v 0.14500 0.38000 -0.88000
v 0.09500 0.32000 -0.82000
v 0.09500 0.32000 -0.88000
v 0.14500 0.32000 -0.88000
v 0.14500 0.32000 -0.82000
v 0.12000 0.51781 -0.80857
v 0.12000 0.53732 -0.80971
v 0.13556 0.51553 -0.80254
v 0.14121 0.53420 -0.80150
v 0.14200 0.51000 -0.78800
v 0.15000 0.52667 -0.78167
v 0.13556 0.50447 -0.77346
v 0.14121 0.51913 -0.76184
v 0.12000 0.50219 -0.76743
v 0.12000 0.51601 -0.75362
v 0.10444 0.50447 -0.77346
v 0.09879 0.51913 -0.76184
v 0.09800 0.51000 -0.78800
v 0.09000 0.52667 -0.78167
v 0.10444 0.51553 -0.80254
v 0.09879 0.53420 -0.80150
v 0.12000 0.51781 -0.80857
v 0.12000 0.53732 -0.80971
v 0.12000 0.53732 -0.80971
v 0.12000 0.55115 -0.79590
v 0.14121 0.53420 -0.80150
v 0.13556 0.54886 -0.78988
v 0.15000 0.52667 -0.78167
v 0.14200 0.54333 -0.77533
v 0.14121 0.51913 -0.76184
v 0.13556 0.53781 -0.76079
v 0.12000 0.51601 -0.75362
v 0.12000 0.53552 -0.75477
v 0.09879 0.51913 -0.76184
v 0.10444 0.53781 -0.76079
v 0.09000 0.52667 -0.78167
v 0.09800 0.54333 -0.77533
v 0.09879 0.53420 -0.80150
v 0.10444 0.54886 -0.78988
v 0.12000 0.53732 -0.80971
v 0.12000 0.55115 -0.79590
v 0.12000 0.55115 -0.79590
v 0.12000 0.57066 -0.79704
v 0.13556 0.54886 -0.78988
v 0.14121 0.56754 -0.78883
v 0.14200 0.54333 -0.77533
v 0.15000 0.56000 -0.76900
v 0.13556 0.53781 -0.76079
v 0.14121 0.55246 -0.74917
v 0.12000 0.53552 -0.75477
v 0.12000 0.54934 -0.74096
v 0.10444 0.53781 -0.76079
v 0.09879 0.55246 -0.74917
v 0.09800 0.54333 -0.77533
v 0.09000 0.56000 -0.76900
v 0.10444 0.54886 -0.78988
v 0.09879 0.56754 -0.78883
v 0.12000 0.55115 -0.79590
v 0.12000 0.57066 -0.79704
v 0.12000 0.57066 -0.79704
v 0.12000 0.58448 -0.78323
v 0.14121 0.56754 -0.78883
v 0.13556 0.58219 -0.77721
v 0.15000 0.56000 -0.76900
v 0.14200 0.57667 -0.76267
v 0.14121 0.55246 -0.74917
v 0.13556 0.57114 -0.74812
v 0.12000 0.54934 -0.74096
v 0.12000 0.56885 -0.74210
v 0.09879 0.55246 -0.74917
v 0.10444 0.57114 -0.74812
v 0.09000 0.56000 -0.76900
v 0.09800 0.57667 -0.76267
v 0.09879 0.56754 -0.78883
v 0.10444 0.58219 -0.77721
v 0.12000 0.57066 -0.79704
v 0.12000 0.58448 -0.78323
v 0.12000 0.58448 -0.78323
v 0.12000 0.60399 -0.78438
v 0.13556 0.58219 -0.77721
v 0.14121 0.60087 -0.77616
v 0.14200 0.57667 -0.76267
v 0.15000 0.59333 -0.75633
v 0.13556 0.57114 -0.74812
v 0.14121 0.58580 -0.73650
v 0.12000 0.56885 -0.74210
v 0.12000 0.58268 -0.72829
v 0.10444 0.57114 -0.74812
v 0.09879 0.58580 -0.73650
v 0.09800 0.57667 -0.76267
v 0.09000 0.59333 -0.75633
v 0.10444 0.58219 -0.77721
v 0.09879 0.60087 -0.77616
v 0.12000 0.58448 -0.78323
v 0.12000 0.60399 -0.78438
v 0.12000 0.60399 -0.78438
v 0.12000 0.61781 -0.77057
v 0.14121 0.60087 -0.77616
v 0.13556 0.61553 -0.76454
v 0.15000 0.59333 -0.75633
v 0.14200 0.61000 -0.75000
v 0.14121 0.58580 -0.73650
v 0.13556 0.60447 -0.73546
v 0.12000 0.58268 -0.72829
v 0.12000 0.60219 -0.72943
v 0.09879 0.58580 -0.73650
v 0.10444 0.60447 -0.73546
v 0.09000 0.59333 -0.75633
v 0.09800 0.61000 -0.75000
v 0.09879 0.60087 -0.77616
v 0.10444 0.61553 -0.76454
v 0.12000 0.60399 -0.78438
v 0.12000 0.61781 -0.77057
v 0.12000 0.61781 -0.77057
v 0.12000 0.63732 -0.77171
v 0.13556 0.61553 -0.76454
v 0.14121 0.63420 -0.76350
v 0.14200 0.61000 -0.75000
v 0.15000 0.62667 -0.74367
v 0.13556 0.60447 -0.73546
v 0.14121 0.61913 -0.72384
v 0.12000 0.60219 -0.72943
v 0.12000 0.61601 -0.71562
v 0.10444 0.60447 -0.73546
v 0.09879 0.61913 -0.72384
v 0.09800 0.61000 -0.75000
v 0.09000 0.62667 -0.74367
v 0.10444 0.61553 -0.76454
v 0.09879 0.63420 -0.76350
v 0.12000 0.61781 -0.77057
v 0.12000 0.63732 -0.77171
v 0.12000 0.63732 -0.77171
v 0.12000 0.65115 -0.75790
v 0.14121 0.63420 -0.76350
v 0.13556 0.64886 -0.75188
v 0.15000 0.62667 -0.74367
v 0.14200 0.64333 -0.73733
v 0.14121 0.61913 -0.72384
v 0.13556 0.63781 -0.72279
v 0.12000 0.61601 -0.71562
v 0.12000 0.63552 -0.71677
v 0.09879 0.61913 -0.72384
v 0.10444 0.63781 -0.72279
v 0.09000 0.62667 -0.74367
v 0.09800 0.64333 -0.73733
v 0.09879 0.63420 -0.76350
v 0.10444 0.64886 -0.75188
v 0.12000 0.63732 -0.77171
v 0.12000 0.65115 -0.75790
v 0.12000 0.65115 -0.75790
v 0.12000 0.67066 -0.75904
v 0.13556 0.64886 -0.75188
v 0.14121 0.66754 -0.75083
v 0.14200 0.64333 -0.73733
v 0.15000 0.66000 -0.73100
v 0.13556 0.63781 -0.72279
v 0.14121 0.65246 -0.71117
v 0.12000 0.63552 -0.71677
v 0.12000 0.64934 -0.70296
v 0.10444 0.63781 -0.72279
v 0.09879 0.65246 -0.71117
v 0.09800 0.64333 -0.73733
v 0.09000 0.66000 -0.73100
v 0.10444 0.64886 -0.75188
v 0.09879 0.66754 -0.75083
v 0.12000 0.65115 -0.75790
v 0.12000 0.67066 -0.75904
v 0.12000 0.67066 -0.75904
v 0.12000 0.68448 -0.74523
v 0.14121 0.66754 -0.75083
v 0.13556 0.68219 -0.73921
v 0.15000 0.66000 -0.73100
v 0.14200 0.67667 -0.72467
v 0.14121 0.65246 -0.71117
v 0.13556 0.67114 -0.71012
v 0.12000 0.64934 -0.70296
v 0.12000 0.66885 -0.70410
v 0.09879 0.65246 -0.71117
v 0.10444 0.67114 -0.71012
v 0.09000 0.66000 -0.73100
v 0.09800 0.67667 -0.72467
v 0.09879 0.66754 -0.75083
v 0.10444 0.68219 -0.73921
v 0.12000 0.67066 -0.75904
v 0.12000 0.68448 -0.74523
v 0.12000 0.68448 -0.74523
v 0.12000 0.70399 -0.74638
v 0.13556 0.68219 -0.73921
v 0.14121 0.70087 -0.73816
v 0.14200 0.67667 -0.72467
v 0.15000 0.69333 -0.71833
v 0.13556 0.67114 -0.71012
v 0.14121 0.68580 -0.69850
v 0.12000 0.66885 -0.70410
v 0.12000 0.68268 -0.69029
v 0.10444 0.67114 -0.71012
v 0.09879 0.68580 -0.69850
v 0.09800 0.67667 -0.72467
v 0.09000 0.69333 -0.71833
v 0.10444 0.68219 -0.73921
v 0.09879 0.70087 -0.73816
v 0.12000 0.68448 -0.74523
v 0.12000 0.70399 -0.74638
v 0.12000 0.70399 -0.74638
v 0.12000 0.71781 -0.73257
v 0.14121 0.70087 -0.73816
v 0.13556 0.71553 -0.72654
v 0.15000 0.69333 -0.71833
v 0.14200 0.71000 -0.71200
v 0.14121 0.68580 -0.69850
v 0.13556 0.70447 -0.69746
v 0.12000 0.68268 -0.69029
v 0.12000 0.70219 -0.69143
v 0.09879 0.68580 -0.69850
v 0.10444 0.70447 -0.69746
v 0.09000 0.69333 -0.71833
v 0.09800 0.71000 -0.71200
v 0.09879 0.70087 -0.73816
v 0.10444 0.71553 -0.72654
v 0.12000 0.70399 -0.74638
v 0.12000 0.71781 -0.73257
v 0.12000 0.71713 -0.73068
v 0.12000 0.82713 -0.68868
v 0.13176 0.71577 -0.72712
v 0.13176 0.82577 -0.68512
v 0.13902 0.71220 -0.71777
v 0.13902 0.82220 -0.67577
v 0.13902 0.70780 -0.70623
v 0.13902 0.81780 -0.66423
v 0.13176 0.70423 -0.69688
v 0.13176 0.81423 -0.65488
v 0.12000 0.70287 -0.69332
v 0.12000 0.81287 -0.65132
v 0.10824 0.70423 -0.69688
v 0.10824 0.81423 -0.65488
v 0.10098 0.70780 -0.70623
v 0.10098 0.81780 -0.66423
v 0.10098 0.71220 -0.71777
v 0.10098 0.82220 -0.67577
v 0.10824 0.71577 -0.72712
v 0.10824 0.82577 -0.68512
v 0.12000 0.71713 -0.73068
v 0.12000 0.82713 -0.68868
v 0.12000 0.71000 -0.71200
v 0.12000 0.82000 -0.67000
v -0.16000 0.71250 -0.67400
v 0.16000 0.71250 -0.67400
v 0.16000 0.74750 -0.67400
v -0.16000 0.74750 -0.67400
v 0.16000 0.71250 -0.73400
v -0.16000 0.71250 -0.73400
v -0.16000 0.74750 -0.73400
v 0.16000 0.74750 -0.73400
v 0.16000 0.71250 -0.67400
v 0.16000 0.71250 -0.73400
v 0.16000 0.74750 -0.73400
v 0.16000 0.74750 -0.67400
v -0.16000 0.71250 -0.73400
v -0.16000 0.71250 -0.67400
v -0.16000 0.74750 -0.67400
v -0.16000 0.74750 -0.73400
v -0.16000 0.74750 -0.73400
v -0.16000 0.74750 -0.67400
v 0.16000 0.74750 -0.67400
v 0.16000 0.74750 -0.73400
v -0.16000 0.71250 -0.67400
v -0.16000 0.71250 -0.73400
v 0.16000 0.71250 -0.73400
v 0.16000 0.71250 -0.67400
v -0.16000 0.79250 -0.64400
v 0.16000 0.79250 -0.64400
v 0.16000 0.82750 -0.64400
v -0.16000 0.82750 -0.64400
v 0.16000 0.79250 -0.70400
v -0.16000 0.79250 -0.70400
v -0.16000 0.82750 -0.70400
v 0.16000 0.82750 -0.70400
v 0.16000 0.79250 -0.64400
v 0.16000 0.79250 -0.70400
v 0.16000 0.82750 -0.70400
v 0.16000 0.82750 -0.64400
v -0.16000 0.79250 -0.70400
v -0.16000 0.79250 -0.64400
v -0.16000 0.82750 -0.64400
v -0.16000 0.82750 -0.70400
v -0.16000 0.82750 -0.70400
v -0.16000 0.82750 -0.64400
v 0.16000 0.82750 -0.64400
v 0.16000 0.82750 -0.70400
v -0.16000 0.79250 -0.64400
v -0.16000 0.79250 -0.70400
v 0.16000 0.79250 -0.70400
v 0.16000 0.79250 -0.64400
v 0.00000 0.72781 -0.72857
v 0.00000 0.82781 -0.69057
v 0.01556 0.72553 -0.72254
v 0.01556 0.82553 -0.68454
v 0.02200 0.72000 -0.70800
v 0.02200 0.82000 -0.67000
v 0.01556 0.71447 -0.69346
v 0.01556 0.81447 -0.65546
v 0.00000 0.71219 -0.68743
v 0.00000 0.81219 -0.64943
v -0.01556 0.71447 -0.69346
v -0.01556 0.81447 -0.65546
v -0.02200 0.72000 -0.70800
v -0.02200 0.82000 -0.67000
v -0.01556 0.72553 -0.72254
v -0.01556 0.82553 -0.68454
v -0.00000 0.72781 -0.72857
v -0.00000 0.82781 -0.69057
v 0.00000 0.72000 -0.70800
v 0.00000 0.82000 -0.67000
v -0.09000 0.70000 -0.66000
v 0.09000 0.70000 -0.66000
v 0.09000 0.64000 -0.80000
v -0.09000 0.64000 -0.80000
v -0.09000 0.64000 -0.80000
v 0.09000 0.64000 -0.80000
v 0.09000 0.54000 -0.96000
v -0.09000 0.54000 -0.96000
v -0.09000 0.54000 -0.96000
v 0.09000 0.54000 -0.96000
v 0.09000 0.44000 -1.02000
v -0.09000 0.44000 -1.02000
vt 0.75000 0.29000
vt 0.79000 0.29000
vt 0.79000 0.35000
vt 0.75000 0.35000
vt 0.38000 0.84000
vt 0.51000 0.84000
vt 0.51000 0.98000
vt 0.38000 0.98000
vt 0.49000 0.66000
vt 0.02000 0.66000
vt 0.02000 0.95000
vt 0.49000 0.95000
vt 0.02000 0.66000
vt 0.49000 0.66000
vt 0.49000 0.95000
vt 0.02000 0.95000
vt 0.38000 0.84000
vt 0.51000 0.84000
vt 0.51000 0.98000
vt 0.38000 0.98000
vt 0.75000 0.29000
vt 0.79000 0.29000
vt 0.79000 0.35000
vt 0.75000 0.35000
vt 0.38000 0.84000
vt 0.51000 0.84000
vt 0.51000 0.98000
vt 0.38000 0.98000
vt 0.38000 0.84000
vt 0.51000 0.84000
vt 0.51000 0.98000
vt 0.38000 0.98000
vt 0.38000 0.84000
vt 0.51000 0.84000
vt 0.51000 0.98000
vt 0.38000 0.98000
vt 0.38000 0.84000
vt 0.51000 0.84000
vt 0.51000 0.98000
vt 0.38000 0.98000
vt 0.38000 0.84000
vt 0.51000 0.84000
vt 0.51000 0.98000
vt 0.38000 0.98000
vt 0.38000 0.84000
vt 0.51000 0.84000
vt 0.51000 0.98000
vt 0.38000 0.98000
vt 0.75000 0.29000
vt 0.75000 0.35000
vt 0.75333 0.29000
vt 0.75333 0.35000
vt 0.75667 0.29000
vt 0.75667 0.35000
vt 0.76000 0.29000
vt 0.76000 0.35000
vt 0.76333 0.29000
vt 0.76333 0.35000
vt 0.76667 0.29000
vt 0.76667 0.35000
vt 0.77000 0.29000
vt 0.77000 0.35000
vt 0.77333 0.29000
vt 0.77333 0.35000
vt 0.77667 0.29000
vt 0.77667 0.35000
vt 0.78000 0.29000
vt 0.78000 0.35000
vt 0.78333 0.29000
vt 0.78333 0.35000
vt 0.78667 0.29000
vt 0.78667 0.35000
vt 0.79000 0.29000
vt 0.79000 0.35000
vt 0.77000 0.32000
vt 0.77000 0.32000
vt 0.75000 0.29000
vt 0.79000 0.29000
vt 0.79000 0.35000
vt 0.75000 0.35000
vt 0.75000 0.29000
vt 0.79000 0.29000
vt 0.79000 0.35000
vt 0.75000 0.35000
vt 0.75000 0.29000
vt 0.79000 0.29000
vt 0.79000 0.35000
vt 0.75000 0.35000
vt 0.75000 0.29000
vt 0.79000 0.29000
vt 0.79000 0.35000
vt 0.75000 0.35000
vt 0.75000 0.29000
vt 0.79000 0.29000
vt 0.79000 0.35000
vt 0.75000 0.35000
vt 0.75000 0.29000
vt 0.79000 0.29000
vt 0.79000 0.35000
vt 0.75000 0.35000
vt 0.74500 0.62000
vt 0.76000 0.62000
vt 0.76000 0.90000
vt 0.74500 0.90000
vt 0.74500 0.62000
vt 0.76000 0.62000
vt 0.76000 0.90000
vt 0.74500 0.90000
vt 0.74500 0.62000
vt 0.76000 0.62000
vt 0.76000 0.90000
vt 0.74500 0.90000
vt 0.74500 0.62000
vt 0.76000 0.62000
vt 0.76000 0.90000
vt 0.74500 0.90000
vt 0.75500 0.60000
vt 0.92500 0.60000
vt 0.92500 0.97500
vt 0.75500 0.97500
vt 0.75000 0.29000
vt 0.79000 0.29000
vt 0.79000 0.35000
vt 0.75000 0.35000
vt 0.74500 0.62000
vt 0.74500 0.90000
vt 0.74687 0.62000
vt 0.74687 0.90000
vt 0.74875 0.62000
vt 0.74875 0.90000
vt 0.75062 0.62000
vt 0.75062 0.90000
vt 0.75250 0.62000
vt 0.75250 0.90000
vt 0.75438 0.62000
vt 0.75438 0.90000
vt 0.75625 0.62000
vt 0.75625 0.90000
vt 0.75813 0.62000
vt 0.75813 0.90000
vt 0.76000 0.62000
vt 0.76000 0.90000
vt 0.75250 0.76000
vt 0.75250 0.76000
vt 0.75000 0.29000
vt 0.75000 0.35000
vt 0.75667 0.29000
vt 0.75667 0.35000
vt 0.76333 0.29000
vt 0.76333 0.35000
vt 0.77000 0.29000
vt 0.77000 0.35000
vt 0.77667 0.29000
vt 0.77667 0.35000
vt 0.78333 0.29000
vt 0.78333 0.35000
vt 0.79000 0.29000
vt 0.79000 0.35000
vt 0.75000 0.29000
vt 0.75000 0.35000
vt 0.75667 0.29000
vt 0.75667 0.35000
vt 0.76333 0.29000
vt 0.76333 0.35000
vt 0.77000 0.29000
vt 0.77000 0.35000
vt 0.77667 0.29000
vt 0.77667 0.35000
vt 0.78333 0.29000
vt 0.78333 0.35000
vt 0.79000 0.29000
vt 0.79000 0.35000
vt 0.75000 0.29000
vt 0.75000 0.35000
vt 0.75667 0.29000
vt 0.75667 0.35000
vt 0.76333 0.29000
vt 0.76333 0.35000
vt 0.77000 0.29000
vt 0.77000 0.35000
vt 0.77667 0.29000
vt 0.77667 0.35000
vt 0.78333 0.29000
vt 0.78333 0.35000
vt 0.79000 0.29000
vt 0.79000 0.35000
vt 0.77000 0.32000
vt 0.77000 0.32000
vt 0.75000 0.29000
vt 0.75000 0.35000
vt 0.75667 0.29000
vt 0.75667 0.35000
vt 0.76333 0.29000
vt 0.76333 0.35000
vt 0.77000 0.29000
vt 0.77000 0.35000
vt 0.77667 0.29000
vt 0.77667 0.35000
vt 0.78333 0.29000
vt 0.78333 0.35000
vt 0.79000 0.29000
vt 0.79000 0.35000
vt 0.77000 0.32000
vt 0.77000 0.32000
vt 0.75000 0.29000
vt 0.75000 0.35000
vt 0.75667 0.29000
vt 0.75667 0.35000
vt 0.76333 0.29000
vt 0.76333 0.35000
vt 0.77000 0.29000
vt 0.77000 0.35000
vt 0.77667 0.29000
vt 0.77667 0.35000
vt 0.78333 0.29000
vt 0.78333 0.35000
vt 0.79000 0.29000
vt 0.79000 0.35000
vt 0.77000 0.32000
vt 0.77000 0.32000
vt 0.46000 0.38500
vt 0.78500 0.38500
vt 0.78500 0.63000
vt 0.46000 0.63000
vt 0.46000 0.38500
vt 0.78500 0.38500
vt 0.78500 0.63000
vt 0.46000 0.63000
vt 0.46000 0.38500
vt 0.78500 0.38500
vt 0.78500 0.63000
vt 0.46000 0.63000
vt 0.46000 0.38500
vt 0.78500 0.38500
vt 0.78500 0.63000
vt 0.46000 0.63000
vt 0.46000 0.56000
vt 0.78500 0.56000
vt 0.78500 0.64500
vt 0.46000 0.64500
vt 0.75000 0.29000
vt 0.79000 0.29000
vt 0.79000 0.35000
vt 0.75000 0.35000
vt 0.75000 0.29000
vt 0.75000 0.35000
vt 0.75667 0.29000
vt 0.75667 0.35000
vt 0.76333 0.29000
vt 0.76333 0.35000
vt 0.77000 0.29000
vt 0.77000 0.35000
vt 0.77667 0.29000
vt 0.77667 0.35000
vt 0.78333 0.29000
vt 0.78333 0.35000
vt 0.79000 0.29000
vt 0.79000 0.35000
vt 0.77000 0.32000
vt 0.77000 0.32000
vt 0.75000 0.29000
vt 0.75000 0.35000
vt 0.75667 0.29000
vt 0.75667 0.35000
vt 0.76333 0.29000
vt 0.76333 0.35000
vt 0.77000 0.29000
vt 0.77000 0.35000
vt 0.77667 0.29000
vt 0.77667 0.35000
vt 0.78333 0.29000
vt 0.78333 0.35000
vt 0.79000 0.29000
vt 0.79000 0.35000
vt 0.75000 0.29000
vt 0.75000 0.35000
vt 0.75667 0.29000
vt 0.75667 0.35000
vt 0.76333 0.29000
vt 0.76333 0.35000
vt 0.77000 0.29000
vt 0.77000 0.35000
vt 0.77667 0.29000
vt 0.77667 0.35000
vt 0.78333 0.29000
vt 0.78333 0.35000
vt 0.79000 0.29000
vt 0.79000 0.35000
vt 0.42500 0.17000
vt 0.52000 0.17000
vt 0.52000 0.27000
vt 0.42500 0.27000
vt 0.42500 0.17000
vt 0.52000 0.17000
vt 0.52000 0.27000
vt 0.42500 0.27000
vt 0.42500 0.17000
vt 0.52000 0.17000
vt 0.52000 0.27000
vt 0.42500 0.27000
vt 0.42500 0.17000
vt 0.52000 0.17000
vt 0.52000 0.27000
vt 0.42500 0.27000
vt 0.42500 0.17000
vt 0.52000 0.17000
vt 0.52000 0.27000
vt 0.42500 0.27000
vt 0.42500 0.17000
vt 0.52000 0.17000
vt 0.52000 0.27000
vt 0.42500 0.27000
vt 0.90500 0.09500
vt 0.98000 0.09500
vt 0.98000 0.17500
vt 0.90500 0.17500
vt 0.75000 0.29000
vt 0.79000 0.29000
vt 0.79000 0.35000
vt 0.75000 0.35000
vt 0.75000 0.29000
vt 0.79000 0.29000
vt 0.79000 0.35000
vt 0.75000 0.35000
vt 0.75000 0.29000
vt 0.79000 0.29000
vt 0.79000 0.35000
vt 0.75000 0.35000
vt 0.75000 0.29000
vt 0.79000 0.29000
vt 0.79000 0.35000
vt 0.75000 0.35000
vt 0.75000 0.29000
vt 0.79000 0.29000
vt 0.79000 0.35000
vt 0.75000 0.35000
vt 0.54000 0.93000
vt 0.72000 0.93000
vt 0.72000 0.98500
vt 0.54000 0.98500
vt 0.54000 0.93000
vt 0.72000 0.93000
vt 0.72000 0.98500
vt 0.54000 0.98500
vt 0.63500 0.66500
vt 0.73000 0.66500
vt 0.73000 0.97000
vt 0.63500 0.97000
vt 0.53500 0.66500
vt 0.63000 0.66500
vt 0.63000 0.97000
vt 0.53500 0.97000
vt 0.54000 0.93000
vt 0.72000 0.93000
vt 0.72000 0.98500
vt 0.54000 0.98500
vt 0.75000 0.29000
vt 0.79000 0.29000
vt 0.79000 0.35000
vt 0.75000 0.35000
vt 0.53500 0.66500
vt 0.53500 0.97000
vt 0.54450 0.66500
vt 0.54450 0.97000
vt 0.55400 0.66500
vt 0.55400 0.97000
vt 0.56350 0.66500
vt 0.56350 0.97000
vt 0.57300 0.66500
vt 0.57300 0.97000
vt 0.58250 0.66500
vt 0.58250 0.97000
vt 0.59200 0.66500
vt 0.59200 0.97000
vt 0.60150 0.66500
vt 0.60150 0.97000
vt 0.61100 0.66500
vt 0.61100 0.97000
vt 0.62050 0.66500
vt 0.62050 0.97000
vt 0.63000 0.66500
vt 0.63000 0.97000
vt 0.58250 0.81750
vt 0.58250 0.81750
vt 0.75000 0.29000
vt 0.75000 0.35000
vt 0.75667 0.29000
vt 0.75667 0.35000
vt 0.76333 0.29000
vt 0.76333 0.35000
vt 0.77000 0.29000
vt 0.77000 0.35000
vt 0.77667 0.29000
vt 0.77667 0.35000
vt 0.78333 0.29000
vt 0.78333 0.35000
vt 0.79000 0.29000
vt 0.79000 0.35000
vt 0.77000 0.32000
vt 0.77000 0.32000
vt 0.75000 0.29000
vt 0.75000 0.35000
vt 0.75667 0.29000
vt 0.75667 0.35000
vt 0.76333 0.29000
vt 0.76333 0.35000
vt 0.77000 0.29000
vt 0.77000 0.35000
vt 0.77667 0.29000
vt 0.77667 0.35000
vt 0.78333 0.29000
vt 0.78333 0.35000
vt 0.79000 0.29000
vt 0.79000 0.35000
vt 0.77000 0.32000
vt 0.77000 0.32000
vt 0.75000 0.29000
vt 0.75000 0.35000
vt 0.75400 0.29000
vt 0.75400 0.35000
vt 0.75800 0.29000
vt 0.75800 0.35000
vt 0.76200 0.29000
vt 0.76200 0.35000
vt 0.76600 0.29000
vt 0.76600 0.35000
vt 0.77000 0.29000
vt 0.77000 0.35000
vt 0.77400 0.29000
vt 0.77400 0.35000
vt 0.77800 0.29000
vt 0.77800 0.35000
vt 0.78200 0.29000
vt 0.78200 0.35000
vt 0.78600 0.29000
vt 0.78600 0.35000
vt 0.79000 0.29000
vt 0.79000 0.35000
vt 0.77000 0.32000
vt 0.77000 0.32000
vt 0.75000 0.29000
vt 0.75000 0.35000
vt 0.75400 0.29000
vt 0.75400 0.35000
vt 0.75800 0.29000
vt 0.75800 0.35000
vt 0.76200 0.29000
vt 0.76200 0.35000
vt 0.76600 0.29000
vt 0.76600 0.35000
vt 0.77000 0.29000
vt 0.77000 0.35000
vt 0.77400 0.29000
vt 0.77400 0.35000
vt 0.77800 0.29000
vt 0.77800 0.35000
vt 0.78200 0.29000
vt 0.78200 0.35000
vt 0.78600 0.29000
vt 0.78600 0.35000
vt 0.79000 0.29000
vt 0.79000 0.35000
vt 0.77000 0.32000
vt 0.77000 0.32000
vt 0.75000 0.29000
vt 0.75000 0.35000
vt 0.75500 0.29000
vt 0.75500 0.35000
vt 0.76000 0.29000
vt 0.76000 0.35000
vt 0.76500 0.29000
vt 0.76500 0.35000
vt 0.77000 0.29000
vt 0.77000 0.35000
vt 0.77500 0.29000
vt 0.77500 0.35000
vt 0.78000 0.29000
vt 0.78000 0.35000
vt 0.78500 0.29000
vt 0.78500 0.35000
vt 0.79000 0.29000
vt 0.79000 0.35000
vt 0.75000 0.29000
vt 0.75000 0.35000
vt 0.75500 0.29000
vt 0.75500 0.35000
vt 0.76000 0.29000
vt 0.76000 0.35000
vt 0.76500 0.29000
vt 0.76500 0.35000
vt 0.77000 0.29000
vt 0.77000 0.35000
vt 0.77500 0.29000
vt 0.77500 0.35000
vt 0.78000 0.29000
vt 0.78000 0.35000
vt 0.78500 0.29000
vt 0.78500 0.35000
vt 0.79000 0.29000
vt 0.79000 0.35000
vt 0.75000 0.29000
vt 0.75000 0.35000
vt 0.75500 0.29000
vt 0.75500 0.35000
vt 0.76000 0.29000
vt 0.76000 0.35000
vt 0.76500 0.29000
vt 0.76500 0.35000
vt 0.77000 0.29000
vt 0.77000 0.35000
vt 0.77500 0.29000
vt 0.77500 0.35000
vt 0.78000 0.29000
vt 0.78000 0.35000
vt 0.78500 0.29000
vt 0.78500 0.35000
vt 0.79000 0.29000
vt 0.79000 0.35000
vt 0.75000 0.29000
vt 0.75000 0.35000
vt 0.75500 0.29000
vt 0.75500 0.35000
vt 0.76000 0.29000
vt 0.76000 0.35000
vt 0.76500 0.29000
vt 0.76500 0.35000
vt 0.77000 0.29000
vt 0.77000 0.35000
vt 0.77500 0.29000
vt 0.77500 0.35000
vt 0.78000 0.29000
vt 0.78000 0.35000
vt 0.78500 0.29000
vt 0.78500 0.35000
vt 0.79000 0.29000
vt 0.79000 0.35000
vt 0.75000 0.29000
vt 0.75000 0.35000
vt 0.75500 0.29000
vt 0.75500 0.35000
vt 0.76000 0.29000
vt 0.76000 0.35000
vt 0.76500 0.29000
vt 0.76500 0.35000
vt 0.77000 0.29000
vt 0.77000 0.35000
vt 0.77500 0.29000
vt 0.77500 0.35000
vt 0.78000 0.29000
vt 0.78000 0.35000
vt 0.78500 0.29000
vt 0.78500 0.35000
vt 0.79000 0.29000
vt 0.79000 0.35000
vt 0.75000 0.29000
vt 0.75000 0.35000
vt 0.75500 0.29000
vt 0.75500 0.35000
vt 0.76000 0.29000
vt 0.76000 0.35000
vt 0.76500 0.29000
vt 0.76500 0.35000
vt 0.77000 0.29000
vt 0.77000 0.35000
vt 0.77500 0.29000
vt 0.77500 0.35000
vt 0.78000 0.29000
vt 0.78000 0.35000
vt 0.78500 0.29000
vt 0.78500 0.35000
vt 0.79000 0.29000
vt 0.79000 0.35000
vt 0.75000 0.29000
vt 0.75000 0.35000
vt 0.75500 0.29000
vt 0.75500 0.35000
vt 0.76000 0.29000
vt 0.76000 0.35000
vt 0.76500 0.29000
vt 0.76500 0.35000
vt 0.77000 0.29000
vt 0.77000 0.35000
vt 0.77500 0.29000
vt 0.77500 0.35000
vt 0.78000 0.29000
vt 0.78000 0.35000
vt 0.78500 0.29000
vt 0.78500 0.35000
vt 0.79000 0.29000
vt 0.79000 0.35000
vt 0.75000 0.29000
vt 0.75000 0.35000
vt 0.75500 0.29000
vt 0.75500 0.35000
vt 0.76000 0.29000
vt 0.76000 0.35000
vt 0.76500 0.29000
vt 0.76500 0.35000
vt 0.77000 0.29000
vt 0.77000 0.35000
vt 0.77500 0.29000
vt 0.77500 0.35000
vt 0.78000 0.29000
vt 0.78000 0.35000
vt 0.78500 0.29000
vt 0.78500 0.35000
vt 0.79000 0.29000
vt 0.79000 0.35000
vt 0.75000 0.29000
vt 0.75000 0.35000
vt 0.75667 0.29000
vt 0.75667 0.35000
vt 0.76333 0.29000
vt 0.76333 0.35000
vt 0.77000 0.29000
vt 0.77000 0.35000
vt 0.77667 0.29000
vt 0.77667 0.35000
vt 0.78333 0.29000
vt 0.78333 0.35000
vt 0.79000 0.29000
vt 0.79000 0.35000
vt 0.77000 0.32000
vt 0.77000 0.32000
vt 0.75000 0.29000
vt 0.75000 0.35000
vt 0.75667 0.29000
vt 0.75667 0.35000
vt 0.76333 0.29000
vt 0.76333 0.35000
vt 0.77000 0.29000
vt 0.77000 0.35000
vt 0.77667 0.29000
vt 0.77667 0.35000
vt 0.78333 0.29000
vt 0.78333 0.35000
vt 0.79000 0.29000
vt 0.79000 0.35000
vt 0.77000 0.32000
vt 0.77000 0.32000
vt 0.75000 0.29000
vt 0.79000 0.29000
vt 0.79000 0.35000
vt 0.75000 0.35000
vt 0.75000 0.29000
vt 0.79000 0.29000
vt 0.79000 0.35000
vt 0.75000 0.35000
vt 0.75000 0.29000
vt 0.79000 0.29000
vt 0.79000 0.35000
vt 0.75000 0.35000
vt 0.75000 0.29000
vt 0.79000 0.29000
vt 0.79000 0.35000
vt 0.75000 0.35000
vt 0.75000 0.29000
vt 0.79000 0.29000
vt 0.79000 0.35000
vt 0.75000 0.35000
vt 0.75000 0.29000
vt 0.79000 0.29000
vt 0.79000 0.35000
vt 0.75000 0.35000
vt 0.75000 0.29000
vt 0.79000 0.29000
vt 0.79000 0.35000
vt 0.75000 0.35000
vt 0.75000 0.29000
vt 0.79000 0.29000
vt 0.79000 0.35000
vt 0.75000 0.35000
vt 0.75000 0.29000
vt 0.79000 0.29000
vt 0.79000 0.35000
vt 0.75000 0.35000
vt 0.75000 0.29000
vt 0.79000 0.29000
vt 0.79000 0.35000
vt 0.75000 0.35000
vt 0.75000 0.29000
vt 0.79000 0.29000
vt 0.79000 0.35000
vt 0.75000 0.35000
vt 0.75000 0.29000
vt 0.79000 0.29000
vt 0.79000 0.35000
vt 0.75000 0.35000
vt 0.75000 0.29000
vt 0.79000 0.29000
vt 0.79000 0.35000
vt 0.75000 0.35000
vt 0.75000 0.29000
vt 0.79000 0.29000
vt 0.79000 0.35000
vt 0.75000 0.35000
vt 0.75000 0.29000
vt 0.79000 0.29000
vt 0.79000 0.35000
vt 0.75000 0.35000
vt 0.75000 0.29000
vt 0.79000 0.29000
vt 0.79000 0.35000
vt 0.75000 0.35000
vt 0.75000 0.29000
vt 0.79000 0.29000
vt 0.79000 0.35000
vt 0.75000 0.35000
vt 0.75000 0.29000
vt 0.79000 0.29000
vt 0.79000 0.35000
vt 0.75000 0.35000
vt 0.75000 0.29000
vt 0.79000 0.29000
vt 0.79000 0.35000
vt 0.75000 0.35000
vt 0.75000 0.29000
vt 0.79000 0.29000
vt 0.79000 0.35000
vt 0.75000 0.35000
vt 0.75000 0.29000
vt 0.79000 0.29000
vt 0.79000 0.35000
vt 0.75000 0.35000
vt 0.75000 0.29000
vt 0.79000 0.29000
vt 0.79000 0.35000
vt 0.75000 0.35000
vt 0.75000 0.29000
vt 0.79000 0.29000
vt 0.79000 0.35000
vt 0.75000 0.35000
vt 0.75000 0.29000
vt 0.79000 0.29000
vt 0.79000 0.35000
vt 0.75000 0.35000
vt 0.75000 0.29000
vt 0.75000 0.35000
vt 0.75500 0.29000
vt 0.75500 0.35000
vt 0.76000 0.29000
vt 0.76000 0.35000
vt 0.76500 0.29000
vt 0.76500 0.35000
vt 0.77000 0.29000
vt 0.77000 0.35000
vt 0.77500 0.29000
vt 0.77500 0.35000
vt 0.78000 0.29000
vt 0.78000 0.35000
vt 0.78500 0.29000
vt 0.78500 0.35000
vt 0.79000 0.29000
vt 0.79000 0.35000
vt 0.77000 0.32000
vt 0.77000 0.32000
vt 0.75000 0.29000
vt 0.75000 0.35000
vt 0.75500 0.29000
vt 0.75500 0.35000
vt 0.76000 0.29000
vt 0.76000 0.35000
vt 0.76500 0.29000
vt 0.76500 0.35000
vt 0.77000 0.29000
vt 0.77000 0.35000
vt 0.77500 0.29000
vt 0.77500 0.35000
vt 0.78000 0.29000
vt 0.78000 0.35000
vt 0.78500 0.29000
vt 0.78500 0.35000
vt 0.79000 0.29000
vt 0.79000 0.35000
vt 0.75000 0.29000
vt 0.75000 0.35000
vt 0.75500 0.29000
vt 0.75500 0.35000
vt 0.76000 0.29000
vt 0.76000 0.35000
vt 0.76500 0.29000
vt 0.76500 0.35000
vt 0.77000 0.29000
vt 0.77000 0.35000
vt 0.77500 0.29000
vt 0.77500 0.35000
vt 0.78000 0.29000
vt 0.78000 0.35000
vt 0.78500 0.29000
vt 0.78500 0.35000
vt 0.79000 0.29000
vt 0.79000 0.35000
vt 0.29800 0.19000
vt 0.29800 0.36500
vt 0.30325 0.19000
vt 0.30325 0.36500
vt 0.30850 0.19000
vt 0.30850 0.36500
vt 0.31375 0.19000
vt 0.31375 0.36500
vt 0.31900 0.19000
vt 0.31900 0.36500
vt 0.32425 0.19000
vt 0.32425 0.36500
vt 0.32950 0.19000
vt 0.32950 0.36500
vt 0.33475 0.19000
vt 0.33475 0.36500
vt 0.34000 0.19000
vt 0.34000 0.36500
vt 0.31900 0.27750
vt 0.31900 0.27750
vt 0.75000 0.29000
vt 0.75000 0.35000
vt 0.75500 0.29000
vt 0.75500 0.35000
vt 0.76000 0.29000
vt 0.76000 0.35000
vt 0.76500 0.29000
vt 0.76500 0.35000
vt 0.77000 0.29000
vt 0.77000 0.35000
vt 0.77500 0.29000
vt 0.77500 0.35000
vt 0.78000 0.29000
vt 0.78000 0.35000
vt 0.78500 0.29000
vt 0.78500 0.35000
vt 0.79000 0.29000
vt 0.79000 0.35000
vt 0.77000 0.32000
vt 0.77000 0.32000
vt 0.75000 0.29000
vt 0.75000 0.35000
vt 0.75500 0.29000
vt 0.75500 0.35000
vt 0.76000 0.29000
vt 0.76000 0.35000
vt 0.76500 0.29000
vt 0.76500 0.35000
vt 0.77000 0.29000
vt 0.77000 0.35000
vt 0.77500 0.29000
vt 0.77500 0.35000
vt 0.78000 0.29000
vt 0.78000 0.35000
vt 0.78500 0.29000
vt 0.78500 0.35000
vt 0.79000 0.29000
vt 0.79000 0.35000
vt 0.75000 0.29000
vt 0.75000 0.35000
vt 0.75500 0.29000
vt 0.75500 0.35000
vt 0.76000 0.29000
vt 0.76000 0.35000
vt 0.76500 0.29000
vt 0.76500 0.35000
vt 0.77000 0.29000
vt 0.77000 0.35000
vt 0.77500 0.29000
vt 0.77500 0.35000
vt 0.78000 0.29000
vt 0.78000 0.35000
vt 0.78500 0.29000
vt 0.78500 0.35000
vt 0.79000 0.29000
vt 0.79000 0.35000
vt 0.29800 0.19000
vt 0.29800 0.36500
vt 0.30325 0.19000
vt 0.30325 0.36500
vt 0.30850 0.19000
vt 0.30850 0.36500
vt 0.31375 0.19000
vt 0.31375 0.36500
vt 0.31900 0.19000
vt 0.31900 0.36500
vt 0.32425 0.19000
vt 0.32425 0.36500
vt 0.32950 0.19000
vt 0.32950 0.36500
vt 0.33475 0.19000
vt 0.33475 0.36500
vt 0.34000 0.19000
vt 0.34000 0.36500
vt 0.31900 0.27750
vt 0.31900 0.27750
vt 0.75000 0.29000
vt 0.75000 0.35000
vt 0.75500 0.29000
vt 0.75500 0.35000
vt 0.76000 0.29000
vt 0.76000 0.35000
vt 0.76500 0.29000
vt 0.76500 0.35000
vt 0.77000 0.29000
vt 0.77000 0.35000
vt 0.77500 0.29000
vt 0.77500 0.35000
vt 0.78000 0.29000
vt 0.78000 0.35000
vt 0.78500 0.29000
vt 0.78500 0.35000
vt 0.79000 0.29000
vt 0.79000 0.35000
vt 0.77000 0.32000
vt 0.77000 0.32000
vt 0.75000 0.29000
vt 0.75000 0.35000
vt 0.75500 0.29000
vt 0.75500 0.35000
vt 0.76000 0.29000
vt 0.76000 0.35000
vt 0.76500 0.29000
vt 0.76500 0.35000
vt 0.77000 0.29000
vt 0.77000 0.35000
vt 0.77500 0.29000
vt 0.77500 0.35000
vt 0.78000 0.29000
vt 0.78000 0.35000
vt 0.78500 0.29000
vt 0.78500 0.35000
vt 0.79000 0.29000
vt 0.79000 0.35000
vt 0.77000 0.32000
vt 0.77000 0.32000
vt 0.75000 0.29000
vt 0.75000 0.35000
vt 0.75400 0.29000
vt 0.75400 0.35000
vt 0.75800 0.29000
vt 0.75800 0.35000
vt 0.76200 0.29000
vt 0.76200 0.35000
vt 0.76600 0.29000
vt 0.76600 0.35000
vt 0.77000 0.29000
vt 0.77000 0.35000
vt 0.77400 0.29000
vt 0.77400 0.35000
vt 0.77800 0.29000
vt 0.77800 0.35000
vt 0.78200 0.29000
vt 0.78200 0.35000
vt 0.78600 0.29000
vt 0.78600 0.35000
vt 0.79000 0.29000
vt 0.79000 0.35000
vt 0.77000 0.32000
vt 0.77000 0.32000
vt 0.75000 0.29000
vt 0.79000 0.29000
vt 0.79000 0.35000
vt 0.75000 0.35000
vt 0.75000 0.29000
vt 0.79000 0.29000
vt 0.79000 0.35000
vt 0.75000 0.35000
vt 0.75000 0.29000
vt 0.79000 0.29000
vt 0.79000 0.35000
vt 0.75000 0.35000
vt 0.75000 0.29000
vt 0.79000 0.29000
vt 0.79000 0.35000
vt 0.75000 0.35000
vt 0.75000 0.29000
vt 0.79000 0.29000
vt 0.79000 0.35000
vt 0.75000 0.35000
vt 0.75000 0.29000
vt 0.79000 0.29000
vt 0.79000 0.35000
vt 0.75000 0.35000
vt 0.75000 0.29000
vt 0.75000 0.35000
vt 0.75500 0.29000
vt 0.75500 0.35000
vt 0.76000 0.29000
vt 0.76000 0.35000
vt 0.76500 0.29000
vt 0.76500 0.35000
vt 0.77000 0.29000
vt 0.77000 0.35000
vt 0.77500 0.29000
vt 0.77500 0.35000
vt 0.78000 0.29000
vt 0.78000 0.35000
vt 0.78500 0.29000
vt 0.78500 0.35000
vt 0.79000 0.29000
vt 0.79000 0.35000
vt 0.75000 0.29000
vt 0.75000 0.35000
vt 0.75500 0.29000
vt 0.75500 0.35000
vt 0.76000 0.29000
vt 0.76000 0.35000
vt 0.76500 0.29000
vt 0.76500 0.35000
vt 0.77000 0.29000
vt 0.77000 0.35000
vt 0.77500 0.29000
vt 0.77500 0.35000
vt 0.78000 0.29000
vt 0.78000 0.35000
vt 0.78500 0.29000
vt 0.78500 0.35000
vt 0.79000 0.29000
vt 0.79000 0.35000
vt 0.75000 0.29000
vt 0.75000 0.35000
vt 0.75500 0.29000
vt 0.75500 0.35000
vt 0.76000 0.29000
vt 0.76000 0.35000
vt 0.76500 0.29000
vt 0.76500 0.35000
vt 0.77000 0.29000
vt 0.77000 0.35000
vt 0.77500 0.29000
vt 0.77500 0.35000
vt 0.78000 0.29000
vt 0.78000 0.35000
vt 0.78500 0.29000
vt 0.78500 0.35000
vt 0.79000 0.29000
vt 0.79000 0.35000
vt 0.75000 0.29000
vt 0.75000 0.35000
vt 0.75500 0.29000
vt 0.75500 0.35000
vt 0.76000 0.29000
vt 0.76000 0.35000
vt 0.76500 0.29000
vt 0.76500 0.35000
vt 0.77000 0.29000
vt 0.77000 0.35000
vt 0.77500 0.29000
vt 0.77500 0.35000
vt 0.78000 0.29000
vt 0.78000 0.35000
vt 0.78500 0.29000
vt 0.78500 0.35000
vt 0.79000 0.29000
vt 0.79000 0.35000
vt 0.75000 0.29000
vt 0.75000 0.35000
vt 0.75500 0.29000
vt 0.75500 0.35000
vt 0.76000 0.29000
vt 0.76000 0.35000
vt 0.76500 0.29000
vt 0.76500 0.35000
vt 0.77000 0.29000
vt 0.77000 0.35000
vt 0.77500 0.29000
vt 0.77500 0.35000
vt 0.78000 0.29000
vt 0.78000 0.35000
vt 0.78500 0.29000
vt 0.78500 0.35000
vt 0.79000 0.29000
vt 0.79000 0.35000
vt 0.75000 0.29000
vt 0.75000 0.35000
vt 0.75500 0.29000
vt 0.75500 0.35000
vt 0.76000 0.29000
vt 0.76000 0.35000
vt 0.76500 0.29000
vt 0.76500 0.35000
vt 0.77000 0.29000
vt 0.77000 0.35000
vt 0.77500 0.29000
vt 0.77500 0.35000
vt 0.78000 0.29000
vt 0.78000 0.35000
vt 0.78500 0.29000
vt 0.78500 0.35000
vt 0.79000 0.29000
vt 0.79000 0.35000
vt 0.75000 0.29000
vt 0.75000 0.35000
vt 0.75500 0.29000
vt 0.75500 0.35000
vt 0.76000 0.29000
vt 0.76000 0.35000
vt 0.76500 0.29000
vt 0.76500 0.35000
vt 0.77000 0.29000
vt 0.77000 0.35000
vt 0.77500 0.29000
vt 0.77500 0.35000
vt 0.78000 0.29000
vt 0.78000 0.35000
vt 0.78500 0.29000
vt 0.78500 0.35000
vt 0.79000 0.29000
vt 0.79000 0.35000
vt 0.75000 0.29000
vt 0.75000 0.35000
vt 0.75500 0.29000
vt 0.75500 0.35000
vt 0.76000 0.29000
vt 0.76000 0.35000
vt 0.76500 0.29000
vt 0.76500 0.35000
vt 0.77000 0.29000
vt 0.77000 0.35000
vt 0.77500 0.29000
vt 0.77500 0.35000
vt 0.78000 0.29000
vt 0.78000 0.35000
vt 0.78500 0.29000
vt 0.78500 0.35000
vt 0.79000 0.29000
vt 0.79000 0.35000
vt 0.75000 0.29000
vt 0.75000 0.35000
vt 0.75500 0.29000
vt 0.75500 0.35000
vt 0.76000 0.29000
vt 0.76000 0.35000
vt 0.76500 0.29000
vt 0.76500 0.35000
vt 0.77000 0.29000
vt 0.77000 0.35000
vt 0.77500 0.29000
vt 0.77500 0.35000
vt 0.78000 0.29000
vt 0.78000 0.35000
vt 0.78500 0.29000
vt 0.78500 0.35000
vt 0.79000 0.29000
vt 0.79000 0.35000
vt 0.75000 0.29000
vt 0.75000 0.35000
vt 0.75500 0.29000
vt 0.75500 0.35000
vt 0.76000 0.29000
vt 0.76000 0.35000
vt 0.76500 0.29000
vt 0.76500 0.35000
vt 0.77000 0.29000
vt 0.77000 0.35000
vt 0.77500 0.29000
vt 0.77500 0.35000
vt 0.78000 0.29000
vt 0.78000 0.35000
vt 0.78500 0.29000
vt 0.78500 0.35000
vt 0.79000 0.29000
vt 0.79000 0.35000
vt 0.75000 0.29000
vt 0.75000 0.35000
vt 0.75500 0.29000
vt 0.75500 0.35000
vt 0.76000 0.29000
vt 0.76000 0.35000
vt 0.76500 0.29000
vt 0.76500 0.35000
vt 0.77000 0.29000
vt 0.77000 0.35000
vt 0.77500 0.29000
vt 0.77500 0.35000
vt 0.78000 0.29000
vt 0.78000 0.35000
vt 0.78500 0.29000
vt 0.78500 0.35000
vt 0.79000 0.29000
vt 0.79000 0.35000
vt 0.75000 0.29000
vt 0.75000 0.35000
vt 0.75500 0.29000
vt 0.75500 0.35000
vt 0.76000 0.29000
vt 0.76000 0.35000
vt 0.76500 0.29000
vt 0.76500 0.35000
vt 0.77000 0.29000
vt 0.77000 0.35000
vt 0.77500 0.29000
vt 0.77500 0.35000
vt 0.78000 0.29000
vt 0.78000 0.35000
vt 0.78500 0.29000
vt 0.78500 0.35000
vt 0.79000 0.29000
vt 0.79000 0.35000
vt 0.75000 0.29000
vt 0.75000 0.35000
vt 0.75400 0.29000
vt 0.75400 0.35000
vt 0.75800 0.29000
vt 0.75800 0.35000
vt 0.76200 0.29000
vt 0.76200 0.35000
vt 0.76600 0.29000
vt 0.76600 0.35000
vt 0.77000 0.29000
vt 0.77000 0.35000
vt 0.77400 0.29000
vt 0.77400 0.35000
vt 0.77800 0.29000
vt 0.77800 0.35000
vt 0.78200 0.29000
vt 0.78200 0.35000
vt 0.78600 0.29000
vt 0.78600 0.35000
vt 0.79000 0.29000
vt 0.79000 0.35000
vt 0.77000 0.32000
vt 0.77000 0.32000
vt 0.75000 0.29000
vt 0.75000 0.35000
vt 0.75400 0.29000
vt 0.75400 0.35000
vt 0.75800 0.29000
vt 0.75800 0.35000
vt 0.76200 0.29000
vt 0.76200 0.35000
vt 0.76600 0.29000
vt 0.76600 0.35000
vt 0.77000 0.29000
vt 0.77000 0.35000
vt 0.77400 0.29000
vt 0.77400 0.35000
vt 0.77800 0.29000
vt 0.77800 0.35000
vt 0.78200 0.29000
vt 0.78200 0.35000
vt 0.78600 0.29000
vt 0.78600 0.35000
vt 0.79000 0.29000
vt 0.79000 0.35000
vt 0.77000 0.32000
vt 0.77000 0.32000
vt 0.75000 0.29000
vt 0.79000 0.29000
vt 0.79000 0.35000
vt 0.75000 0.35000
vt 0.75000 0.29000
vt 0.79000 0.29000
vt 0.79000 0.35000
vt 0.75000 0.35000
vt 0.75000 0.29000
vt 0.79000 0.29000
vt 0.79000 0.35000
vt 0.75000 0.35000
vt 0.75000 0.29000
vt 0.79000 0.29000
vt 0.79000 0.35000
vt 0.75000 0.35000
vt 0.75000 0.29000
vt 0.79000 0.29000
vt 0.79000 0.35000
vt 0.75000 0.35000
vt 0.75000 0.29000
vt 0.79000 0.29000
vt 0.79000 0.35000
vt 0.75000 0.35000
vt 0.75000 0.29000
vt 0.75000 0.35000
vt 0.75500 0.29000
vt 0.75500 0.35000
vt 0.76000 0.29000
vt 0.76000 0.35000
vt 0.76500 0.29000
vt 0.76500 0.35000
vt 0.77000 0.29000
vt 0.77000 0.35000
vt 0.77500 0.29000
vt 0.77500 0.35000
vt 0.78000 0.29000
vt 0.78000 0.35000
vt 0.78500 0.29000
vt 0.78500 0.35000
vt 0.79000 0.29000
vt 0.79000 0.35000
vt 0.75000 0.29000
vt 0.75000 0.35000
vt 0.75500 0.29000
vt 0.75500 0.35000
vt 0.76000 0.29000
vt 0.76000 0.35000
vt 0.76500 0.29000
vt 0.76500 0.35000
vt 0.77000 0.29000
vt 0.77000 0.35000
vt 0.77500 0.29000
vt 0.77500 0.35000
vt 0.78000 0.29000
vt 0.78000 0.35000
vt 0.78500 0.29000
vt 0.78500 0.35000
vt 0.79000 0.29000
vt 0.79000 0.35000
vt 0.75000 0.29000
vt 0.75000 0.35000
vt 0.75500 0.29000
vt 0.75500 0.35000
vt 0.76000 0.29000
vt 0.76000 0.35000
vt 0.76500 0.29000
vt 0.76500 0.35000
vt 0.77000 0.29000
vt 0.77000 0.35000
vt 0.77500 0.29000
vt 0.77500 0.35000
vt 0.78000 0.29000
vt 0.78000 0.35000
vt 0.78500 0.29000
vt 0.78500 0.35000
vt 0.79000 0.29000
vt 0.79000 0.35000
vt 0.75000 0.29000
vt 0.75000 0.35000
vt 0.75500 0.29000
vt 0.75500 0.35000
vt 0.76000 0.29000
vt 0.76000 0.35000
vt 0.76500 0.29000
vt 0.76500 0.35000
vt 0.77000 0.29000
vt 0.77000 0.35000
vt 0.77500 0.29000
vt 0.77500 0.35000
vt 0.78000 0.29000
vt 0.78000 0.35000
vt 0.78500 0.29000
vt 0.78500 0.35000
vt 0.79000 0.29000
vt 0.79000 0.35000
vt 0.75000 0.29000
vt 0.75000 0.35000
vt 0.75500 0.29000
vt 0.75500 0.35000
vt 0.76000 0.29000
vt 0.76000 0.35000
vt 0.76500 0.29000
vt 0.76500 0.35000
vt 0.77000 0.29000
vt 0.77000 0.35000
vt 0.77500 0.29000
vt 0.77500 0.35000
vt 0.78000 0.29000
vt 0.78000 0.35000
vt 0.78500 0.29000
vt 0.78500 0.35000
vt 0.79000 0.29000
vt 0.79000 0.35000
vt 0.75000 0.29000
vt 0.75000 0.35000
vt 0.75500 0.29000
vt 0.75500 0.35000
vt 0.76000 0.29000
vt 0.76000 0.35000
vt 0.76500 0.29000
vt 0.76500 0.35000
vt 0.77000 0.29000
vt 0.77000 0.35000
vt 0.77500 0.29000
vt 0.77500 0.35000
vt 0.78000 0.29000
vt 0.78000 0.35000
vt 0.78500 0.29000
vt 0.78500 0.35000
vt 0.79000 0.29000
vt 0.79000 0.35000
vt 0.75000 0.29000
vt 0.75000 0.35000
vt 0.75500 0.29000
vt 0.75500 0.35000
vt 0.76000 0.29000
vt 0.76000 0.35000
vt 0.76500 0.29000
vt 0.76500 0.35000
vt 0.77000 0.29000
vt 0.77000 0.35000
vt 0.77500 0.29000
vt 0.77500 0.35000
vt 0.78000 0.29000
vt 0.78000 0.35000
vt 0.78500 0.29000
vt 0.78500 0.35000
vt 0.79000 0.29000
vt 0.79000 0.35000
vt 0.75000 0.29000
vt 0.75000 0.35000
vt 0.75500 0.29000
vt 0.75500 0.35000
vt 0.76000 0.29000
vt 0.76000 0.35000
vt 0.76500 0.29000
vt 0.76500 0.35000
vt 0.77000 0.29000
vt 0.77000 0.35000
vt 0.77500 0.29000
vt 0.77500 0.35000
vt 0.78000 0.29000
vt 0.78000 0.35000
vt 0.78500 0.29000
vt 0.78500 0.35000
vt 0.79000 0.29000
vt 0.79000 0.35000
vt 0.75000 0.29000
vt 0.75000 0.35000
vt 0.75500 0.29000
vt 0.75500 0.35000
vt 0.76000 0.29000
vt 0.76000 0.35000
vt 0.76500 0.29000
vt 0.76500 0.35000
vt 0.77000 0.29000
vt 0.77000 0.35000
vt 0.77500 0.29000
vt 0.77500 0.35000
vt 0.78000 0.29000
vt 0.78000 0.35000
vt 0.78500 0.29000
vt 0.78500 0.35000
vt 0.79000 0.29000
vt 0.79000 0.35000
vt 0.75000 0.29000
vt 0.75000 0.35000
vt 0.75500 0.29000
vt 0.75500 0.35000
vt 0.76000 0.29000
vt 0.76000 0.35000
vt 0.76500 0.29000
vt 0.76500 0.35000
vt 0.77000 0.29000
vt 0.77000 0.35000
vt 0.77500 0.29000
vt 0.77500 0.35000
vt 0.78000 0.29000
vt 0.78000 0.35000
vt 0.78500 0.29000
vt 0.78500 0.35000
vt 0.79000 0.29000
vt 0.79000 0.35000
vt 0.75000 0.29000
vt 0.75000 0.35000
vt 0.75500 0.29000
vt 0.75500 0.35000
vt 0.76000 0.29000
vt 0.76000 0.35000
vt 0.76500 0.29000
vt 0.76500 0.35000
vt 0.77000 0.29000
vt 0.77000 0.35000
vt 0.77500 0.29000
vt 0.77500 0.35000
vt 0.78000 0.29000
vt 0.78000 0.35000
vt 0.78500 0.29000
vt 0.78500 0.35000
vt 0.79000 0.29000
vt 0.79000 0.35000
vt 0.75000 0.29000
vt 0.75000 0.35000
vt 0.75500 0.29000
vt 0.75500 0.35000
vt 0.76000 0.29000
vt 0.76000 0.35000
vt 0.76500 0.29000
vt 0.76500 0.35000
vt 0.77000 0.29000
vt 0.77000 0.35000
vt 0.77500 0.29000
vt 0.77500 0.35000
vt 0.78000 0.29000
vt 0.78000 0.35000
vt 0.78500 0.29000
vt 0.78500 0.35000
vt 0.79000 0.29000
vt 0.79000 0.35000
vt 0.75000 0.29000
vt 0.75000 0.35000
vt 0.75400 0.29000
vt 0.75400 0.35000
vt 0.75800 0.29000
vt 0.75800 0.35000
vt 0.76200 0.29000
vt 0.76200 0.35000
vt 0.76600 0.29000
vt 0.76600 0.35000
vt 0.77000 0.29000
vt 0.77000 0.35000
vt 0.77400 0.29000
vt 0.77400 0.35000
vt 0.77800 0.29000
vt 0.77800 0.35000
vt 0.78200 0.29000
vt 0.78200 0.35000
vt 0.78600 0.29000
vt 0.78600 0.35000
vt 0.79000 0.29000
vt 0.79000 0.35000
vt 0.77000 0.32000
vt 0.77000 0.32000
vt 0.75000 0.29000
vt 0.79000 0.29000
vt 0.79000 0.35000
vt 0.75000 0.35000
vt 0.75000 0.29000
vt 0.79000 0.29000
vt 0.79000 0.35000
vt 0.75000 0.35000
vt 0.75000 0.29000
vt 0.79000 0.29000
vt 0.79000 0.35000
vt 0.75000 0.35000
vt 0.75000 0.29000
vt 0.79000 0.29000
vt 0.79000 0.35000
vt 0.75000 0.35000
vt 0.75000 0.29000
vt 0.79000 0.29000
vt 0.79000 0.35000
vt 0.75000 0.35000
vt 0.75000 0.29000
vt 0.79000 0.29000
vt 0.79000 0.35000
vt 0.75000 0.35000
vt 0.75000 0.29000
vt 0.79000 0.29000
vt 0.79000 0.35000
vt 0.75000 0.35000
vt 0.75000 0.29000
vt 0.79000 0.29000
vt 0.79000 0.35000
vt 0.75000 0.35000
vt 0.75000 0.29000
vt 0.79000 0.29000
vt 0.79000 0.35000
vt 0.75000 0.35000
vt 0.75000 0.29000
vt 0.79000 0.29000
vt 0.79000 0.35000
vt 0.75000 0.35000
vt 0.75000 0.29000
vt 0.79000 0.29000
vt 0.79000 0.35000
vt 0.75000 0.35000
vt 0.75000 0.29000
vt 0.79000 0.29000
vt 0.79000 0.35000
vt 0.75000 0.35000
vt 0.75000 0.29000
vt 0.75000 0.35000
vt 0.75500 0.29000
vt 0.75500 0.35000
vt 0.76000 0.29000
vt 0.76000 0.35000
vt 0.76500 0.29000
vt 0.76500 0.35000
vt 0.77000 0.29000
vt 0.77000 0.35000
vt 0.77500 0.29000
vt 0.77500 0.35000
vt 0.78000 0.29000
vt 0.78000 0.35000
vt 0.78500 0.29000
vt 0.78500 0.35000
vt 0.79000 0.29000
vt 0.79000 0.35000
vt 0.77000 0.32000
vt 0.77000 0.32000
vt 0.38000 0.98000
vt 0.51000 0.98000
vt 0.51000 0.84000
vt 0.38000 0.84000
vt 0.38000 0.98000
vt 0.51000 0.98000
vt 0.51000 0.84000
vt 0.38000 0.84000
vt 0.38000 0.98000
vt 0.51000 0.98000
vt 0.51000 0.84000
vt 0.38000 0.84000
vn -0.00000 -0.00000 -1.00000
vn -0.00000 -0.00000 1.00000
vn -1.00000 -0.00000 -0.00000
vn 1.00000 -0.00000 -0.00000
vn -0.00000 -1.00000 -0.00000
vn -0.00000 1.00000 -0.00000
vn -0.00000 -0.00000 -1.00000
vn -0.00000 -0.00000 1.00000
vn -1.00000 -0.00000 -0.00000
vn 1.00000 -0.00000 -0.00000
vn -0.00000 -1.00000 -0.00000
vn -0.00000 1.00000 -0.00000
vn -0.00000 -0.00000 1.00000
vn -0.50000 -0.00000 0.86603
vn -0.86603 -0.00000 0.50000
vn -1.00000 -0.00000 0.00000
vn -0.86603 0.00000 -0.50000
vn -0.50000 0.00000 -0.86603
vn -0.00000 0.00000 -1.00000
vn 0.50000 -0.00000 -0.86603
vn 0.86603 -0.00000 -0.50000
vn 1.00000 -0.00000 -0.00000
vn 0.86603 -0.00000 0.50000
vn 0.50000 -0.00000 0.86603
vn 0.00000 -0.00000 1.00000
vn 0.00000 1.00000 0.00000
vn -0.00000 -1.00000 -0.00000
vn -0.00000 -0.00000 -1.00000
vn -0.00000 -0.00000 1.00000
vn -1.00000 -0.00000 -0.00000
vn 1.00000 -0.00000 -0.00000
vn -0.00000 -1.00000 -0.00000
vn -0.00000 1.00000 -0.00000
vn -0.00000 -0.00000 -1.00000
vn -0.00000 -0.00000 1.00000
vn -1.00000 -0.00000 -0.00000
vn 1.00000 -0.00000 -0.00000
vn -0.00000 -1.00000 -0.00000
vn -0.00000 1.00000 -0.00000
vn -0.00000 -0.00000 -1.00000
vn -0.00000 -0.70711 -0.70711
vn -0.00000 -1.00000 -0.00000
vn -0.00000 -0.70711 0.70711
vn -0.00000 -0.00000 1.00000
vn 0.00000 0.70711 0.70711
vn 0.00000 1.00000 0.00000
vn -0.00000 0.70711 -0.70711
vn -0.00000 0.00000 -1.00000
vn 1.00000 0.00000 0.00000
vn -1.00000 -0.00000 -0.00000
vn 1.00000 -0.00000 -0.00000
vn 0.50000 -0.86603 -0.00000
vn -0.50000 -0.86603 0.00000
vn -1.00000 -0.00000 0.00000
vn -0.50000 0.86603 -0.00000
vn 0.50000 0.86603 -0.00000
vn 1.00000 0.00000 -0.00000
vn 1.00000 -0.00000 -0.00000
vn 0.50000 -0.86603 -0.00000
vn -0.50000 -0.86603 0.00000
vn -1.00000 -0.00000 0.00000
vn -0.50000 0.86603 -0.00000
vn 0.50000 0.86603 -0.00000
vn 1.00000 0.00000 -0.00000
vn -0.00000 -0.00000 -1.00000
vn -0.00000 -0.86603 -0.50000
vn -0.00000 -0.86603 0.50000
vn -0.00000 -0.00000 1.00000
vn 0.00000 0.86603 0.50000
vn -0.00000 0.86603 -0.50000
vn -0.00000 0.00000 -1.00000
vn 1.00000 0.00000 0.00000
vn -1.00000 -0.00000 -0.00000
vn -0.00000 -0.00000 -1.00000
vn -0.00000 -0.86603 -0.50000
vn -0.00000 -0.86603 0.50000
vn -0.00000 -0.00000 1.00000
vn 0.00000 0.86603 0.50000
vn -0.00000 0.86603 -0.50000
vn -0.00000 0.00000 -1.00000
vn 1.00000 0.00000 0.00000
vn -1.00000 -0.00000 -0.00000
vn -0.00000 -0.00000 -1.00000
vn -0.00000 -0.86603 -0.50000
vn -0.00000 -0.86603 0.50000
vn -0.00000 -0.00000 1.00000
vn 0.00000 0.86603 0.50000
vn -0.00000 0.86603 -0.50000
vn -0.00000 0.00000 -1.00000
vn 1.00000 0.00000 0.00000
vn -1.00000 -0.00000 -0.00000
vn -0.00000 -0.00000 -1.00000
vn -0.00000 -0.00000 1.00000
vn -1.00000 -0.00000 -0.00000
vn 1.00000 -0.00000 -0.00000
vn -0.00000 -1.00000 -0.00000
vn -0.00000 1.00000 -0.00000
vn -0.00000 -0.00000 -1.00000
vn -0.00000 -0.86603 -0.50000
vn -0.00000 -0.86603 0.50000
vn -0.00000 -0.00000 1.00000
vn 0.00000 0.86603 0.50000
vn -0.00000 0.86603 -0.50000
vn -0.00000 0.00000 -1.00000
vn 1.00000 0.00000 0.00000
vn -1.00000 -0.00000 -0.00000
vn -0.00000 -0.00000 1.00000
vn -0.86603 -0.00000 0.50000
vn -0.86603 0.00000 -0.50000
vn -0.00000 0.00000 -1.00000
vn 0.86603 -0.00000 -0.50000
vn 0.86603 -0.00000 0.50000
vn 0.00000 -0.00000 1.00000
vn -0.00000 -0.00000 1.00000
vn -0.86603 -0.00000 0.50000
vn -0.86603 0.00000 -0.50000
vn -0.00000 0.00000 -1.00000
vn 0.86603 -0.00000 -0.50000
vn 0.86603 -0.00000 0.50000
vn 0.00000 -0.00000 1.00000
vn -0.00000 -0.00000 -1.00000
vn -0.00000 -0.00000 1.00000
vn -1.00000 -0.00000 -0.00000
vn 1.00000 -0.00000 -0.00000
vn -0.00000 -1.00000 -0.00000
vn -0.00000 1.00000 -0.00000
vn -0.00000 -0.00000 -1.00000
vn -0.00000 -0.00000 1.00000
vn -1.00000 -0.00000 -0.00000
vn 1.00000 -0.00000 -0.00000
vn -0.00000 -1.00000 -0.00000
vn -0.00000 1.00000 -0.00000
vn -0.00000 -0.00000 -1.00000
vn -0.00000 -0.00000 1.00000
vn -1.00000 -0.00000 -0.00000
vn 1.00000 -0.00000 -0.00000
vn -0.00000 -1.00000 -0.00000
vn -0.00000 1.00000 -0.00000
vn -0.00000 -0.00000 1.00000
vn -0.58779 -0.00000 0.80902
vn -0.95106 -0.00000 0.30902
vn -0.95106 0.00000 -0.30902
vn -0.58779 0.00000 -0.80902
vn -0.00000 0.00000 -1.00000
vn 0.58779 -0.00000 -0.80902
vn 0.95106 -0.00000 -0.30902
vn 0.95106 -0.00000 0.30902
vn 0.58779 -0.00000 0.80902
vn 0.00000 -0.00000 1.00000
vn 0.00000 1.00000 0.00000
vn -0.00000 -1.00000 -0.00000
vn -0.00000 -0.00000 -1.00000
vn -0.00000 -0.86603 -0.50000
vn -0.00000 -0.86603 0.50000
vn -0.00000 -0.00000 1.00000
vn 0.00000 0.86603 0.50000
vn -0.00000 0.86603 -0.50000
vn -0.00000 0.00000 -1.00000
vn 1.00000 0.00000 0.00000
vn -1.00000 -0.00000 -0.00000
vn -0.00000 -0.00000 -1.00000
vn -0.00000 -0.86603 -0.50000
vn -0.00000 -0.86603 0.50000
vn -0.00000 -0.00000 1.00000
vn 0.00000 0.86603 0.50000
vn -0.00000 0.86603 -0.50000
vn -0.00000 0.00000 -1.00000
vn 1.00000 0.00000 0.00000
vn -1.00000 -0.00000 -0.00000
vn -0.00000 -0.41906 0.90796
vn -0.58779 -0.33903 0.73455
vn -0.95106 -0.12950 0.28057
vn -0.95106 0.12950 -0.28057
vn -0.58779 0.33903 -0.73455
vn -0.00000 0.41906 -0.90796
vn 0.58779 0.33903 -0.73455
vn 0.95106 0.12950 -0.28057
vn 0.95106 -0.12950 0.28057
vn 0.58779 -0.33903 0.73455
vn 0.00000 -0.41906 0.90796
vn 0.00000 0.90796 0.41906
vn -0.00000 -0.90796 -0.41906
vn 1.00000 -0.00000 -0.00000
vn 0.80902 -0.57437 -0.12486
vn 0.30902 -0.92935 -0.20203
vn -0.30902 -0.92935 -0.20203
vn -0.80902 -0.57437 -0.12486
vn -1.00000 -0.00000 -0.00000
vn -0.80902 0.57437 0.12486
vn -0.30902 0.92935 0.20203
vn 0.30902 0.92935 0.20203
vn 0.80902 0.57437 0.12486
vn 1.00000 0.00000 0.00000
vn 0.00000 -0.21243 0.97718
vn -0.00000 0.21243 -0.97718
vn 0.97891 -0.00000 0.20429
vn 0.79937 -0.47409 -0.36911
vn 0.15157 -0.67047 -0.72629
vn -0.58501 -0.47409 -0.65802
vn -0.97891 -0.00000 -0.20429
vn -0.79937 0.47409 0.36911
vn -0.15157 0.67047 0.72629
vn 0.58501 0.47409 0.65802
vn 0.97891 0.00000 0.20429
vn -0.00000 -0.31623 -0.94868
vn -0.70711 -0.22361 -0.67082
vn -1.00000 -0.00000 -0.00000
vn -0.70711 0.22361 0.67082
vn -0.00000 0.31623 0.94868
vn 0.70711 0.22361 0.67082
vn 1.00000 0.00000 0.00000
vn 0.70711 -0.22361 -0.67082
vn 0.00000 -0.31623 -0.94868
vn 1.00000 -0.00000 -0.00000
vn 0.70711 -0.70711 -0.00000
vn 0.00000 -1.00000 -0.00000
vn -0.70711 -0.70711 0.00000
vn -1.00000 -0.00000 0.00000
vn -0.70711 0.70711 -0.00000
vn -0.00000 1.00000 -0.00000
vn 0.70711 0.70711 -0.00000
vn 1.00000 0.00000 -0.00000
vn 0.99353 -0.00000 0.11355
vn 0.63330 -0.35802 0.68612
vn -0.09792 -0.50631 0.85677
vn -0.77177 -0.35802 0.52554
vn -0.99353 -0.00000 -0.11355
vn -0.63330 0.35802 -0.68612
vn 0.09792 0.50631 -0.85677
vn 0.77177 0.35802 -0.52554
vn 0.99353 0.00000 0.11355
vn 0.97891 -0.00000 -0.20429
vn 0.58501 -0.47409 -0.65802
vn -0.15157 -0.67047 -0.72629
vn -0.79937 -0.47409 -0.36911
vn -0.97891 -0.00000 0.20429
vn -0.58501 0.47409 0.65802
vn 0.15157 0.67047 0.72629
vn 0.79937 0.47409 0.36911
vn 0.97891 0.00000 -0.20429
vn -0.00000 -0.31623 -0.94868
vn -0.70711 -0.22361 -0.67082
vn -1.00000 -0.00000 -0.00000
vn -0.70711 0.22361 0.67082
vn -0.00000 0.31623 0.94868
vn 0.70711 0.22361 0.67082
vn 1.00000 0.00000 0.00000
vn 0.70711 -0.22361 -0.67082
vn 0.00000 -0.31623 -0.94868
vn 1.00000 -0.00000 -0.00000
vn 0.70711 -0.70711 -0.00000
vn 0.00000 -1.00000 -0.00000
vn -0.70711 -0.70711 0.00000
vn -1.00000 -0.00000 0.00000
vn -0.70711 0.70711 -0.00000
vn -0.00000 1.00000 -0.00000
vn 0.70711 0.70711 -0.00000
vn 1.00000 0.00000 -0.00000
vn 0.99353 -0.00000 -0.11355
vn 0.77177 -0.35802 0.52554
vn 0.09792 -0.50631 0.85677
vn -0.63330 -0.35802 0.68612
vn -0.99353 -0.00000 0.11355
vn -0.77177 0.35802 -0.52554
vn -0.09792 0.50631 -0.85677
vn 0.63330 0.35802 -0.68612
vn 0.99353 0.00000 -0.11355
vn -0.00000 -0.00000 -1.00000
vn -0.00000 -0.86603 -0.50000
vn -0.00000 -0.86603 0.50000
vn -0.00000 -0.00000 1.00000
vn 0.00000 0.86603 0.50000
vn -0.00000 0.86603 -0.50000
vn -0.00000 0.00000 -1.00000
vn 1.00000 0.00000 0.00000
vn -1.00000 -0.00000 -0.00000
vn -0.00000 -0.00000 -1.00000
vn -0.00000 -0.86603 -0.50000
vn -0.00000 -0.86603 0.50000
vn -0.00000 -0.00000 1.00000
vn 0.00000 0.86603 0.50000
vn -0.00000 0.86603 -0.50000
vn -0.00000 0.00000 -1.00000
vn 1.00000 0.00000 0.00000
vn -1.00000 -0.00000 -0.00000
vn -0.00000 -0.00000 -1.00000
vn -0.00000 -0.00000 1.00000
vn -1.00000 -0.00000 -0.00000
vn 1.00000 -0.00000 -0.00000
vn -0.00000 -1.00000 -0.00000
vn -0.00000 1.00000 -0.00000
vn -0.00000 -0.00000 -1.00000
vn -0.00000 -0.00000 1.00000
vn -1.00000 -0.00000 -0.00000
vn 1.00000 -0.00000 -0.00000
vn -0.00000 -1.00000 -0.00000
vn -0.00000 1.00000 -0.00000
vn -0.00000 -0.00000 -1.00000
vn -0.00000 -0.00000 1.00000
vn -1.00000 -0.00000 -0.00000
vn 1.00000 -0.00000 -0.00000
vn -0.00000 -1.00000 -0.00000
vn -0.00000 1.00000 -0.00000
vn -0.00000 -0.00000 -1.00000
vn -0.00000 -0.00000 1.00000
vn -1.00000 -0.00000 -0.00000
vn 1.00000 -0.00000 -0.00000
vn -0.00000 -1.00000 -0.00000
vn -0.00000 1.00000 -0.00000
vn -0.00000 -0.00000 -1.00000
vn -0.00000 -0.70711 -0.70711
vn -0.00000 -1.00000 -0.00000
vn -0.00000 -0.70711 0.70711
vn -0.00000 -0.00000 1.00000
vn 0.00000 0.70711 0.70711
vn 0.00000 1.00000 0.00000
vn -0.00000 0.70711 -0.70711
vn -0.00000 0.00000 -1.00000
vn 1.00000 0.00000 0.00000
vn -1.00000 -0.00000 -0.00000
vn 1.00000 -0.00000 -0.00000
vn 0.70711 -0.70696 -0.01443
vn 0.00000 -0.99979 -0.02040
vn -0.70711 -0.70696 -0.01443
vn -1.00000 -0.00000 -0.00000
vn -0.70711 0.70696 0.01443
vn -0.00000 0.99979 0.02040
vn 0.70711 0.70696 0.01443
vn 1.00000 0.00000 0.00000
vn 1.00000 -0.00000 -0.00000
vn 0.70711 -0.54321 0.45268
vn 0.00000 -0.76822 0.64018
vn -0.70711 -0.54321 0.45268
vn -1.00000 -0.00000 0.00000
vn -0.70711 0.54321 -0.45268
vn -0.00000 0.76822 -0.64018
vn 0.70711 0.54321 -0.45268
vn 1.00000 0.00000 -0.00000
vn -0.99705 -0.00000 -0.07670
vn -0.66915 -0.53031 -0.52059
vn 0.05073 -0.74997 -0.65953
vn 0.74090 -0.53031 -0.41212
vn 0.99705 -0.00000 0.07670
vn 0.66915 0.53031 0.52059
vn -0.05073 0.74997 0.65953
vn -0.74090 0.53031 0.41212
vn -0.99705 0.00000 -0.07670
vn 0.05752 0.66148 -0.74776
vn -0.05752 -0.66148 0.74776
vn -0.00000 -0.00000 1.00000
vn -0.00000 -0.70711 0.70711
vn -0.00000 -1.00000 0.00000
vn -0.00000 -0.70711 -0.70711
vn -0.00000 -0.00000 -1.00000
vn 0.00000 0.70711 -0.70711
vn 0.00000 1.00000 -0.00000
vn -0.00000 0.70711 0.70711
vn -0.00000 0.00000 1.00000
vn -1.00000 0.00000 0.00000
vn 1.00000 -0.00000 -0.00000
vn 1.00000 -0.00000 -0.00000
vn 0.70711 -0.70696 -0.01443
vn 0.00000 -0.99979 -0.02040
vn -0.70711 -0.70696 -0.01443
vn -1.00000 -0.00000 -0.00000
vn -0.70711 0.70696 0.01443
vn -0.00000 0.99979 0.02040
vn 0.70711 0.70696 0.01443
vn 1.00000 0.00000 0.00000
vn 1.00000 -0.00000 -0.00000
vn 0.70711 -0.54321 0.45268
vn 0.00000 -0.76822 0.64018
vn -0.70711 -0.54321 0.45268
vn -1.00000 -0.00000 0.00000
vn -0.70711 0.54321 -0.45268
vn -0.00000 0.76822 -0.64018
vn 0.70711 0.54321 -0.45268
vn 1.00000 0.00000 -0.00000
vn -0.99705 -0.00000 0.07670
vn -0.74090 -0.53031 -0.41212
vn -0.05073 -0.74997 -0.65953
vn 0.66915 -0.53031 -0.52059
vn 0.99705 -0.00000 -0.07670
vn 0.74090 0.53031 0.41212
vn 0.05073 0.74997 0.65953
vn -0.66915 0.53031 0.52059
vn -0.99705 0.00000 0.07670
vn -0.05752 0.66148 -0.74776
vn 0.05752 -0.66148 0.74776
vn -0.00000 -0.00000 -1.00000
vn -0.00000 -0.70711 -0.70711
vn -0.00000 -1.00000 -0.00000
vn -0.00000 -0.70711 0.70711
vn -0.00000 -0.00000 1.00000
vn 0.00000 0.70711 0.70711
vn 0.00000 1.00000 0.00000
vn -0.00000 0.70711 -0.70711
vn -0.00000 0.00000 -1.00000
vn 1.00000 0.00000 0.00000
vn -1.00000 -0.00000 -0.00000
vn -0.00000 -0.00000 -1.00000
vn -0.00000 -0.70711 -0.70711
vn -0.00000 -1.00000 -0.00000
vn -0.00000 -0.70711 0.70711
vn -0.00000 -0.00000 1.00000
vn 0.00000 0.70711 0.70711
vn 0.00000 1.00000 0.00000
vn -0.00000 0.70711 -0.70711
vn -0.00000 0.00000 -1.00000
vn 1.00000 0.00000 0.00000
vn -1.00000 -0.00000 -0.00000
vn -0.00000 -0.36132 0.93244
vn -0.58779 -0.29231 0.75436
vn -0.95106 -0.11165 0.28814
vn -0.95106 0.11165 -0.28814
vn -0.58779 0.29231 -0.75436
vn -0.00000 0.36132 -0.93244
vn 0.58779 0.29231 -0.75436
vn 0.95106 0.11165 -0.28814
vn 0.95106 -0.11165 0.28814
vn 0.58779 -0.29231 0.75436
vn 0.00000 -0.36132 0.93244
vn 0.00000 0.93244 0.36132
vn -0.00000 -0.93244 -0.36132
vn -0.00000 -0.00000 -1.00000
vn -0.00000 -0.00000 1.00000
vn -1.00000 -0.00000 -0.00000
vn 1.00000 -0.00000 -0.00000
vn -0.00000 -1.00000 -0.00000
vn -0.00000 1.00000 -0.00000
vn -0.00000 -0.35522 0.93478
vn -0.70711 -0.25118 0.66099
vn -1.00000 -0.00000 0.00000
vn -0.70711 0.25118 -0.66099
vn -0.00000 0.35522 -0.93478
vn 0.70711 0.25118 -0.66099
vn 1.00000 0.00000 -0.00000
vn 0.70711 -0.25118 0.66099
vn 0.00000 -0.35522 0.93478
vn -0.00000 -0.35522 0.93478
vn -0.70711 -0.25118 0.66099
vn -1.00000 -0.00000 0.00000
vn -0.70711 0.25118 -0.66099
vn -0.00000 0.35522 -0.93478
vn 0.70711 0.25118 -0.66099
vn 1.00000 0.00000 -0.00000
vn 0.70711 -0.25118 0.66099
vn 0.00000 -0.35522 0.93478
vn -0.00000 -0.35522 0.93478
vn -0.70711 -0.25118 0.66099
vn -1.00000 -0.00000 0.00000
vn -0.70711 0.25118 -0.66099
vn -0.00000 0.35522 -0.93478
vn 0.70711 0.25118 -0.66099
vn 1.00000 0.00000 -0.00000
vn 0.70711 -0.25118 0.66099
vn 0.00000 -0.35522 0.93478
vn -0.00000 -0.35522 0.93478
vn -0.70711 -0.25118 0.66099
vn -1.00000 -0.00000 0.00000
vn -0.70711 0.25118 -0.66099
vn -0.00000 0.35522 -0.93478
vn 0.70711 0.25118 -0.66099
vn 1.00000 0.00000 -0.00000
vn 0.70711 -0.25118 0.66099
vn 0.00000 -0.35522 0.93478
vn -0.00000 -0.35522 0.93478
vn -0.70711 -0.25118 0.66099
vn -1.00000 -0.00000 0.00000
vn -0.70711 0.25118 -0.66099
vn -0.00000 0.35522 -0.93478
vn 0.70711 0.25118 -0.66099
vn 1.00000 0.00000 -0.00000
vn 0.70711 -0.25118 0.66099
vn 0.00000 -0.35522 0.93478
vn -0.00000 -0.35522 0.93478
vn -0.70711 -0.25118 0.66099
vn -1.00000 -0.00000 0.00000
vn -0.70711 0.25118 -0.66099
vn -0.00000 0.35522 -0.93478
vn 0.70711 0.25118 -0.66099
vn 1.00000 0.00000 -0.00000
vn 0.70711 -0.25118 0.66099
vn 0.00000 -0.35522 0.93478
vn -0.00000 -0.35522 0.93478
vn -0.70711 -0.25118 0.66099
vn -1.00000 -0.00000 0.00000
vn -0.70711 0.25118 -0.66099
vn -0.00000 0.35522 -0.93478
vn 0.70711 0.25118 -0.66099
vn 1.00000 0.00000 -0.00000
vn 0.70711 -0.25118 0.66099
vn 0.00000 -0.35522 0.93478
vn -0.00000 -0.35522 0.93478
vn -0.70711 -0.25118 0.66099
vn -1.00000 -0.00000 0.00000
vn -0.70711 0.25118 -0.66099
vn -0.00000 0.35522 -0.93478
vn 0.70711 0.25118 -0.66099
vn 1.00000 0.00000 -0.00000
vn 0.70711 -0.25118 0.66099
vn 0.00000 -0.35522 0.93478
vn -0.00000 -0.35522 0.93478
vn -0.70711 -0.25118 0.66099
vn -1.00000 -0.00000 0.00000
vn -0.70711 0.25118 -0.66099
vn -0.00000 0.35522 -0.93478
vn 0.70711 0.25118 -0.66099
vn 1.00000 0.00000 -0.00000
vn 0.70711 -0.25118 0.66099
vn 0.00000 -0.35522 0.93478
vn -0.00000 -0.35522 0.93478
vn -0.70711 -0.25118 0.66099
vn -1.00000 -0.00000 0.00000
vn -0.70711 0.25118 -0.66099
vn -0.00000 0.35522 -0.93478
vn 0.70711 0.25118 -0.66099
vn 1.00000 0.00000 -0.00000
vn 0.70711 -0.25118 0.66099
vn 0.00000 -0.35522 0.93478
vn -0.00000 -0.35522 0.93478
vn -0.70711 -0.25118 0.66099
vn -1.00000 -0.00000 0.00000
vn -0.70711 0.25118 -0.66099
vn -0.00000 0.35522 -0.93478
vn 0.70711 0.25118 -0.66099
vn 1.00000 0.00000 -0.00000
vn 0.70711 -0.25118 0.66099
vn 0.00000 -0.35522 0.93478
vn -0.00000 -0.35522 0.93478
vn -0.70711 -0.25118 0.66099
vn -1.00000 -0.00000 0.00000
vn -0.70711 0.25118 -0.66099
vn -0.00000 0.35522 -0.93478
vn 0.70711 0.25118 -0.66099
vn 1.00000 0.00000 -0.00000
vn 0.70711 -0.25118 0.66099
vn 0.00000 -0.35522 0.93478
vn -0.00000 -0.35670 0.93422
vn -0.58779 -0.28858 0.75580
vn -0.95106 -0.11023 0.28869
vn -0.95106 0.11023 -0.28869
vn -0.58779 0.28858 -0.75580
vn -0.00000 0.35670 -0.93422
vn 0.58779 0.28858 -0.75580
vn 0.95106 0.11023 -0.28869
vn 0.95106 -0.11023 0.28869
vn 0.58779 -0.28858 0.75580
vn 0.00000 -0.35670 0.93422
vn 0.00000 0.93422 0.35670
vn -0.00000 -0.93422 -0.35670
vn -0.00000 -0.36132 0.93244
vn -0.58779 -0.29231 0.75436
vn -0.95106 -0.11165 0.28814
vn -0.95106 0.11165 -0.28814
vn -0.58779 0.29231 -0.75436
vn -0.00000 0.36132 -0.93244
vn 0.58779 0.29231 -0.75436
vn 0.95106 0.11165 -0.28814
vn 0.95106 -0.11165 0.28814
vn 0.58779 -0.29231 0.75436
vn 0.00000 -0.36132 0.93244
vn 0.00000 0.93244 0.36132
vn -0.00000 -0.93244 -0.36132
vn -0.00000 -0.00000 -1.00000
vn -0.00000 -0.00000 1.00000
vn -1.00000 -0.00000 -0.00000
vn 1.00000 -0.00000 -0.00000
vn -0.00000 -1.00000 -0.00000
vn -0.00000 1.00000 -0.00000
vn -0.00000 -0.35522 0.93478
vn -0.70711 -0.25118 0.66099
vn -1.00000 -0.00000 0.00000
vn -0.70711 0.25118 -0.66099
vn -0.00000 0.35522 -0.93478
vn 0.70711 0.25118 -0.66099
vn 1.00000 0.00000 -0.00000
vn 0.70711 -0.25118 0.66099
vn 0.00000 -0.35522 0.93478
vn -0.00000 -0.35522 0.93478
vn -0.70711 -0.25118 0.66099
vn -1.00000 -0.00000 0.00000
vn -0.70711 0.25118 -0.66099
vn -0.00000 0.35522 -0.93478
vn 0.70711 0.25118 -0.66099
vn 1.00000 0.00000 -0.00000
vn 0.70711 -0.25118 0.66099
vn 0.00000 -0.35522 0.93478
vn -0.00000 -0.35522 0.93478
vn -0.70711 -0.25118 0.66099
vn -1.00000 -0.00000 0.00000
vn -0.70711 0.25118 -0.66099
vn -0.00000 0.35522 -0.93478
vn 0.70711 0.25118 -0.66099
vn 1.00000 0.00000 -0.00000
vn 0.70711 -0.25118 0.66099
vn 0.00000 -0.35522 0.93478
vn -0.00000 -0.35522 0.93478
vn -0.70711 -0.25118 0.66099
vn -1.00000 -0.00000 0.00000
vn -0.70711 0.25118 -0.66099
vn -0.00000 0.35522 -0.93478
vn 0.70711 0.25118 -0.66099
vn 1.00000 0.00000 -0.00000
vn 0.70711 -0.25118 0.66099
vn 0.00000 -0.35522 0.93478
vn -0.00000 -0.35522 0.93478
vn -0.70711 -0.25118 0.66099
vn -1.00000 -0.00000 0.00000
vn -0.70711 0.25118 -0.66099
vn -0.00000 0.35522 -0.93478
vn 0.70711 0.25118 -0.66099
vn 1.00000 0.00000 -0.00000
vn 0.70711 -0.25118 0.66099
vn 0.00000 -0.35522 0.93478
vn -0.00000 -0.35522 0.93478
vn -0.70711 -0.25118 0.66099
vn -1.00000 -0.00000 0.00000
vn -0.70711 0.25118 -0.66099
vn -0.00000 0.35522 -0.93478
vn 0.70711 0.25118 -0.66099
vn 1.00000 0.00000 -0.00000
vn 0.70711 -0.25118 0.66099
vn 0.00000 -0.35522 0.93478
vn -0.00000 -0.35522 0.93478
vn -0.70711 -0.25118 0.66099
vn -1.00000 -0.00000 0.00000
vn -0.70711 0.25118 -0.66099
vn -0.00000 0.35522 -0.93478
vn 0.70711 0.25118 -0.66099
vn 1.00000 0.00000 -0.00000
vn 0.70711 -0.25118 0.66099
vn 0.00000 -0.35522 0.93478
vn -0.00000 -0.35522 0.93478
vn -0.70711 -0.25118 0.66099
vn -1.00000 -0.00000 0.00000
vn -0.70711 0.25118 -0.66099
vn -0.00000 0.35522 -0.93478
vn 0.70711 0.25118 -0.66099
vn 1.00000 0.00000 -0.00000
vn 0.70711 -0.25118 0.66099
vn 0.00000 -0.35522 0.93478
vn -0.00000 -0.35522 0.93478
vn -0.70711 -0.25118 0.66099
vn -1.00000 -0.00000 0.00000
vn -0.70711 0.25118 -0.66099
vn -0.00000 0.35522 -0.93478
vn 0.70711 0.25118 -0.66099
vn 1.00000 0.00000 -0.00000
vn 0.70711 -0.25118 0.66099
vn 0.00000 -0.35522 0.93478
vn -0.00000 -0.35522 0.93478
vn -0.70711 -0.25118 0.66099
vn -1.00000 -0.00000 0.00000
vn -0.70711 0.25118 -0.66099
vn -0.00000 0.35522 -0.93478
vn 0.70711 0.25118 -0.66099
vn 1.00000 0.00000 -0.00000
vn 0.70711 -0.25118 0.66099
vn 0.00000 -0.35522 0.93478
vn -0.00000 -0.35522 0.93478
vn -0.70711 -0.25118 0.66099
vn -1.00000 -0.00000 0.00000
vn -0.70711 0.25118 -0.66099
vn -0.00000 0.35522 -0.93478
vn 0.70711 0.25118 -0.66099
vn 1.00000 0.00000 -0.00000
vn 0.70711 -0.25118 0.66099
vn 0.00000 -0.35522 0.93478
vn -0.00000 -0.35522 0.93478
vn -0.70711 -0.25118 0.66099
vn -1.00000 -0.00000 0.00000
vn -0.70711 0.25118 -0.66099
vn -0.00000 0.35522 -0.93478
vn 0.70711 0.25118 -0.66099
vn 1.00000 0.00000 -0.00000
vn 0.70711 -0.25118 0.66099
vn 0.00000 -0.35522 0.93478
vn -0.00000 -0.35670 0.93422
vn -0.58779 -0.28858 0.75580
vn -0.95106 -0.11023 0.28869
vn -0.95106 0.11023 -0.28869
vn -0.58779 0.28858 -0.75580
vn -0.00000 0.35670 -0.93422
vn 0.58779 0.28858 -0.75580
vn 0.95106 0.11023 -0.28869
vn 0.95106 -0.11023 0.28869
vn 0.58779 -0.28858 0.75580
vn 0.00000 -0.35670 0.93422
vn 0.00000 0.93422 0.35670
vn -0.00000 -0.93422 -0.35670
vn -0.00000 -0.00000 -1.00000
vn -0.00000 -0.00000 1.00000
vn -1.00000 -0.00000 -0.00000
vn 1.00000 -0.00000 -0.00000
vn -0.00000 -1.00000 -0.00000
vn -0.00000 1.00000 -0.00000
vn -0.00000 -0.00000 -1.00000
vn -0.00000 -0.00000 1.00000
vn -1.00000 -0.00000 -0.00000
vn 1.00000 -0.00000 -0.00000
vn -0.00000 -1.00000 -0.00000
vn -0.00000 1.00000 -0.00000
vn -0.00000 -0.35522 0.93478
vn -0.70711 -0.25118 0.66099
vn -1.00000 -0.00000 0.00000
vn -0.70711 0.25118 -0.66099
vn -0.00000 0.35522 -0.93478
vn 0.70711 0.25118 -0.66099
vn 1.00000 0.00000 -0.00000
vn 0.70711 -0.25118 0.66099
vn 0.00000 -0.35522 0.93478
vn 0.00000 0.93478 0.35522
vn -0.00000 -0.93478 -0.35522
vn -0.00000 -0.80000 0.60000
vn -0.00000 -0.80000 0.60000
vn -0.00000 -0.80000 0.60000
f 1/1/1 3/3/1 2/2/1
f 1/1/1 4/4/1 3/3/1
f 5/5/2 7/7/2 6/6/2
f 5/5/2 8/8/2 7/7/2
f 9/9/3 11/11/3 10/10/3
f 9/9/3 12/12/3 11/11/3
f 13/13/4 15/15/4 14/14/4
f 13/13/4 16/16/4 15/15/4
f 17/17/5 19/19/5 18/18/5
f 17/17/5 20/20/5 19/19/5
f 21/21/6 23/23/6 22/22/6
f 21/21/6 24/24/6 23/23/6
f 25/25/7 27/27/7 26/26/7
f 25/25/7 28/28/7 27/27/7
f 29/29/8 31/31/8 30/30/8
f 29/29/8 32/32/8 31/31/8
f 33/33/9 35/35/9 34/34/9
f 33/33/9 36/36/9 35/35/9
f 37/37/10 39/39/10 38/38/10
f 37/37/10 40/40/10 39/39/10
f 41/41/11 43/43/11 42/42/11
f 41/41/11 44/44/11 43/43/11
f 45/45/12 47/47/12 46/46/12
f 45/45/12 48/48/12 47/47/12
f 49/49/13 52/52/14 51/51/14
f 49/49/13 50/50/13 52/52/14
f 51/51/14 54/54/15 53/53/15
f 51/51/14 52/52/14 54/54/15
f 53/53/15 56/56/16 55/55/16
f 53/53/15 54/54/15 56/56/16
f 55/55/16 58/58/17 57/57/17
f 55/55/16 56/56/16 58/58/17
f 57/57/17 60/60/18 59/59/18
f 57/57/17 58/58/17 60/60/18
f 59/59/18 62/62/19 61/61/19
f 59/59/18 60/60/18 62/62/19
f 61/61/19 64/64/20 63/63/20
f 61/61/19 62/62/19 64/64/20
f 63/63/20 66/66/21 65/65/21
f 63/63/20 64/64/20 66/66/21
f 65/65/21 68/68/22 67/67/22
f 65/65/21 66/66/21 68/68/22
f 67/67/22 70/70/23 69/69/23
f 67/67/22 68/68/22 70/70/23
f 69/69/23 72/72/24 71/71/24
f 69/69/23 70/70/23 72/72/24
f 71/71/24 74/74/25 73/73/25
f 71/71/24 72/72/24 74/74/25
f 75/75/26 49/49/26 51/51/26
f 75/75/26 51/51/26 53/53/26
f 75/75/26 53/53/26 55/55/26
f 75/75/26 55/55/26 57/57/26
f 75/75/26 57/57/26 59/59/26
f 75/75/26 59/59/26 61/61/26
f 75/75/26 61/61/26 63/63/26
f 75/75/26 63/63/26 65/65/26
f 75/75/26 65/65/26 67/67/26
f 75/75/26 67/67/26 69/69/26
f 75/75/26 69/69/26 71/71/26
f 75/75/26 71/71/26 73/73/26
f 76/76/27 52/52/27 50/50/27
f 76/76/27 54/54/27 52/52/27
f 76/76/27 56/56/27 54/54/27
f 76/76/27 58/58/27 56/56/27
f 76/76/27 60/60/27 58/58/27
f 76/76/27 62/62/27 60/60/27
f 76/76/27 64/64/27 62/62/27
f 76/76/27 66/66/27 64/64/27
f 76/76/27 68/68/27 66/66/27
f 76/76/27 70/70/27 68/68/27
f 76/76/27 72/72/27 70/70/27
f 76/76/27 74/74/27 72/72/27
f 77/77/28 79/79/28 78/78/28
f 77/77/28 80/80/28 79/79/28
f 81/81/29 83/83/29 82/82/29
f 81/81/29 84/84/29 83/83/29
f 85/85/30 87/87/30 86/86/30
f 85/85/30 88/88/30 87/87/30
f 89/89/31 91/91/31 90/90/31
f 89/89/31 92/92/31 91/91/31
f 93/93/32 95/95/32 94/94/32
f 93/93/32 96/96/32 95/95/32
f 97/97/33 99/99/33 98/98/33
f 97/97/33 100/100/33 99/99/33
f 101/1/1 103/3/1 102/2/1
f 101/1/1 104/4/1 103/3/1
f 105/5/2 107/7/2 106/6/2
f 105/5/2 108/8/2 107/7/2
f 109/9/3 111/11/3 110/10/3
f 109/9/3 112/12/3 111/11/3
f 113/13/4 115/15/4 114/14/4
f 113/13/4 116/16/4 115/15/4
f 117/17/5 119/19/5 118/18/5
f 117/17/5 120/20/5 119/19/5
f 121/21/6 123/23/6 122/22/6
f 121/21/6 124/24/6 123/23/6
f 125/25/7 128/28/8 127/27/8
f 125/25/7 126/26/7 128/28/8
f 127/27/8 130/30/9 129/29/9
f 127/27/8 128/28/8 130/30/9
f 129/29/9 132/32/10 131/31/10
f 129/29/9 130/30/9 132/32/10
f 131/31/10 134/34/11 133/33/11
f 131/31/10 132/32/10 134/34/11
f 133/33/11 136/36/12 135/35/12
f 133/33/11 134/34/11 136/36/12
f 135/35/12 138/38/13 137/37/13
f 135/35/12 136/36/12 138/38/13
f 137/37/13 140/40/14 139/39/14
f 137/37/13 138/38/13 140/40/14
f 139/39/14 142/42/15 141/41/15
f 139/39/14 140/40/14 142/42/15
f 143/43/16 125/25/16 127/27/16
f 143/43/16 127/27/16 129/29/16
f 143/43/16 129/29/16 131/31/16
f 143/43/16 131/31/16 133/33/16
f 143/43/16 133/33/16 135/35/16
f 143/43/16 135/35/16 137/37/16
f 143/43/16 137/37/16 139/39/16
f 143/43/16 139/39/16 141/41/16
f 144/44/17 128/28/17 126/26/17
f 144/44/17 130/30/17 128/28/17
f 144/44/17 132/32/17 130/30/17
f 144/44/17 134/34/17 132/32/17
f 144/44/17 136/36/17 134/34/17
f 144/44/17 138/38/17 136/36/17
f 144/44/17 140/40/17 138/38/17
f 144/44/17 142/42/17 140/40/17
f 145/1/1 148/4/2 147/3/2
f 145/1/1 146/2/1 148/4/2
f 147/3/2 150/6/3 149/5/3
f 147/3/2 148/4/2 150/6/3
f 149/5/3 152/8/4 151/7/4
f 149/5/3 150/6/3 152/8/4
f 151/7/4 154/10/5 153/9/5
f 151/7/4 152/8/4 154/10/5
f 153/9/5 156/12/6 155/11/6
f 153/9/5 154/10/5 156/12/6
f 155/11/6 158/14/7 157/13/7
f 155/11/6 156/12/6 158/14/7
f 159/15/8 162/18/9 161/17/9
f 159/15/8 160/16/8 162/18/9
f 161/17/9 164/20/10 163/19/10
f 161/17/9 162/18/9 164/20/10
f 163/19/10 166/22/11 165/21/11
f 163/19/10 164/20/10 166/22/11
f 165/21/11 168/24/12 167/23/12
f 165/21/11 166/22/11 168/24/12
f 167/23/12 170/26/13 169/25/13
f 167/23/12 168/24/12 170/26/13
f 169/25/13 172/28/14 171/27/14
f 169/25/13 170/26/13 172/28/14
f 173/29/15 176/32/16 175/31/16
f 173/29/15 174/30/15 176/32/16
f 175/31/16 178/34/17 177/33/17
f 175/31/16 176/32/16 178/34/17
f 177/33/17 180/36/18 179/35/18
f 177/33/17 178/34/17 180/36/18
f 179/35/18 182/38/19 181/37/19
f 179/35/18 180/36/18 182/38/19
f 181/37/19 184/40/20 183/39/20
f 181/37/19 182/38/19 184/40/20
f 183/39/20 186/42/21 185/41/21
f 183/39/20 184/40/20 186/42/21
f 187/43/22 173/29/22 175/31/22
f 187/43/22 175/31/22 177/33/22
f 187/43/22 177/33/22 179/35/22
f 187/43/22 179/35/22 181/37/22
f 187/43/22 181/37/22 183/39/22
f 187/43/22 183/39/22 185/41/22
f 188/44/23 176/32/23 174/30/23
f 188/44/23 178/34/23 176/32/23
f 188/44/23 180/36/23 178/34/23
f 188/44/23 182/38/23 180/36/23
f 188/44/23 184/40/23 182/38/23
f 188/44/23 186/42/23 184/40/23
f 189/45/24 192/48/25 191/47/25
f 189/45/24 190/46/24 192/48/25
f 191/47/25 194/50/26 193/49/26
f 191/47/25 192/48/25 194/50/26
f 193/49/26 196/52/27 195/51/27
f 193/49/26 194/50/26 196/52/27
f 195/51/27 198/54/28 197/53/28
f 195/51/27 196/52/27 198/54/28
f 197/53/28 200/56/29 199/55/29
f 197/53/28 198/54/28 200/56/29
f 199/55/29 202/58/30 201/57/30
f 199/55/29 200/56/29 202/58/30
f 203/59/31 189/45/31 191/47/31
f 203/59/31 191/47/31 193/49/31
f 203/59/31 193/49/31 195/51/31
f 203/59/31 195/51/31 197/53/31
f 203/59/31 197/53/31 199/55/31
f 203/59/31 199/55/31 201/57/31
f 204/60/32 192/48/32 190/46/32
f 204/60/32 194/50/32 192/48/32
f 204/60/32 196/52/32 194/50/32
f 204/60/32 198/54/32 196/52/32
f 204/60/32 200/56/32 198/54/32
f 204/60/32 202/58/32 200/56/32
f 205/61/33 208/64/34 207/63/34
f 205/61/33 206/62/33 208/64/34
f 207/63/34 210/66/35 209/65/35
f 207/63/34 208/64/34 210/66/35
f 209/65/35 212/68/36 211/67/36
f 209/65/35 210/66/35 212/68/36
f 211/67/36 214/70/37 213/69/37
f 211/67/36 212/68/36 214/70/37
f 213/69/37 216/72/38 215/71/38
f 213/69/37 214/70/37 216/72/38
f 215/71/38 218/74/39 217/73/39
f 215/71/38 216/72/38 218/74/39
f 219/75/40 205/61/40 207/63/40
f 219/75/40 207/63/40 209/65/40
f 219/75/40 209/65/40 211/67/40
f 219/75/40 211/67/40 213/69/40
f 219/75/40 213/69/40 215/71/40
f 219/75/40 215/71/40 217/73/40
f 220/76/41 208/64/41 206/62/41
f 220/76/41 210/66/41 208/64/41
f 220/76/41 212/68/41 210/66/41
f 220/76/41 214/70/41 212/68/41
f 220/76/41 216/72/41 214/70/41
f 220/76/41 218/74/41 216/72/41
f 221/77/42 223/79/42 222/78/42
f 221/77/42 224/80/42 223/79/42
f 225/81/43 227/83/43 226/82/43
f 225/81/43 228/84/43 227/83/43
f 229/85/44 231/87/44 230/86/44
f 229/85/44 232/88/44 231/87/44
f 233/89/45 235/91/45 234/90/45
f 233/89/45 236/92/45 235/91/45
f 237/93/46 239/95/46 238/94/46
f 237/93/46 240/96/46 239/95/46
f 241/97/47 243/99/47 242/98/47
f 241/97/47 244/100/47 243/99/47
f 245/101/48 248/104/49 247/103/49
f 245/101/48 246/102/48 248/104/49
f 247/103/49 250/106/50 249/105/50
f 247/103/49 248/104/49 250/106/50
f 249/105/50 252/108/51 251/107/51
f 249/105/50 250/106/50 252/108/51
f 251/107/51 254/110/52 253/109/52
f 251/107/51 252/108/51 254/110/52
f 253/109/52 256/112/53 255/111/53
f 253/109/52 254/110/52 256/112/53
f 255/111/53 258/114/54 257/113/54
f 255/111/53 256/112/53 258/114/54
f 259/115/55 245/101/55 247/103/55
f 259/115/55 247/103/55 249/105/55
f 259/115/55 249/105/55 251/107/55
f 259/115/55 251/107/55 253/109/55
f 259/115/55 253/109/55 255/111/55
f 259/115/55 255/111/55 257/113/55
f 260/116/56 248/104/56 246/102/56
f 260/116/56 250/106/56 248/104/56
f 260/116/56 252/108/56 250/106/56
f 260/116/56 254/110/56 252/108/56
f 260/116/56 256/112/56 254/110/56
f 260/116/56 258/114/56 256/112/56
f 261/117/57 264/120/58 263/119/58
f 261/117/57 262/118/57 264/120/58
f 263/119/58 266/122/59 265/121/59
f 263/119/58 264/120/58 266/122/59
f 265/121/59 268/124/60 267/123/60
f 265/121/59 266/122/59 268/124/60
f 267/123/60 270/126/61 269/125/61
f 267/123/60 268/124/60 270/126/61
f 269/125/61 272/128/62 271/127/62
f 269/125/61 270/126/61 272/128/62
f 271/127/62 274/130/63 273/129/63
f 271/127/62 272/128/62 274/130/63
f 275/131/64 278/134/65 277/133/65
f 275/131/64 276/132/64 278/134/65
f 277/133/65 280/136/66 279/135/66
f 277/133/65 278/134/65 280/136/66
f 279/135/66 282/138/67 281/137/67
f 279/135/66 280/136/66 282/138/67
f 281/137/67 284/140/68 283/139/68
f 281/137/67 282/138/67 284/140/68
f 283/139/68 286/142/69 285/141/69
f 283/139/68 284/140/68 286/142/69
f 285/141/69 288/144/70 287/143/70
f 285/141/69 286/142/69 288/144/70
f 289/145/71 291/147/71 290/146/71
f 289/145/71 292/148/71 291/147/71
f 293/149/72 295/151/72 294/150/72
f 293/149/72 296/152/72 295/151/72
f 297/153/73 299/155/73 298/154/73
f 297/153/73 300/156/73 299/155/73
f 301/157/74 303/159/74 302/158/74
f 301/157/74 304/160/74 303/159/74
f 305/161/75 307/163/75 306/162/75
f 305/161/75 308/164/75 307/163/75
f 309/165/76 311/167/76 310/166/76
f 309/165/76 312/168/76 311/167/76
f 313/169/77 315/171/77 314/170/77
f 313/169/77 316/172/77 315/171/77
f 317/173/78 319/175/78 318/174/78
f 317/173/78 320/176/78 319/175/78
f 321/177/79 323/179/79 322/178/79
f 321/177/79 324/180/79 323/179/79
f 325/181/80 327/183/80 326/182/80
f 325/181/80 328/184/80 327/183/80
f 329/185/81 331/187/81 330/186/81
f 329/185/81 332/188/81 331/187/81
f 333/189/82 335/191/82 334/190/82
f 333/189/82 336/192/82 335/191/82
f 337/1/1 339/3/1 338/2/1
f 337/1/1 340/4/1 339/3/1
f 341/5/2 343/7/2 342/6/2
f 341/5/2 344/8/2 343/7/2
f 345/9/3 347/11/3 346/10/3
f 345/9/3 348/12/3 347/11/3
f 349/13/4 351/15/4 350/14/4
f 349/13/4 352/16/4 351/15/4
f 353/17/5 355/19/5 354/18/5
f 353/17/5 356/20/5 355/19/5
f 357/21/6 359/23/6 358/22/6
f 357/21/6 360/24/6 359/23/6
f 361/25/7 364/28/8 363/27/8
f 361/25/7 362/26/7 364/28/8
f 363/27/8 366/30/9 365/29/9
f 363/27/8 364/28/8 366/30/9
f 365/29/9 368/32/10 367/31/10
f 365/29/9 366/30/9 368/32/10
f 367/31/10 370/34/11 369/33/11
f 367/31/10 368/32/10 370/34/11
f 369/33/11 372/36/12 371/35/12
f 369/33/11 370/34/11 372/36/12
f 371/35/12 374/38/13 373/37/13
f 371/35/12 372/36/12 374/38/13
f 373/37/13 376/40/14 375/39/14
f 373/37/13 374/38/13 376/40/14
f 375/39/14 378/42/15 377/41/15
f 375/39/14 376/40/14 378/42/15
f 377/41/15 380/44/16 379/43/16
f 377/41/15 378/42/15 380/44/16
f 379/43/16 382/46/17 381/45/17
f 379/43/16 380/44/16 382/46/17
f 383/47/18 361/25/18 363/27/18
f 383/47/18 363/27/18 365/29/18
f 383/47/18 365/29/18 367/31/18
f 383/47/18 367/31/18 369/33/18
f 383/47/18 369/33/18 371/35/18
f 383/47/18 371/35/18 373/37/18
f 383/47/18 373/37/18 375/39/18
f 383/47/18 375/39/18 377/41/18
f 383/47/18 377/41/18 379/43/18
f 383/47/18 379/43/18 381/45/18
f 384/48/19 364/28/19 362/26/19
f 384/48/19 366/30/19 364/28/19
f 384/48/19 368/32/19 366/30/19
f 384/48/19 370/34/19 368/32/19
f 384/48/19 372/36/19 370/34/19
f 384/48/19 374/38/19 372/36/19
f 384/48/19 376/40/19 374/38/19
f 384/48/19 378/42/19 376/40/19
f 384/48/19 380/44/19 378/42/19
f 384/48/19 382/46/19 380/44/19
f 385/49/20 388/52/21 387/51/21
f 385/49/20 386/50/20 388/52/21
f 387/51/21 390/54/22 389/53/22
f 387/51/21 388/52/21 390/54/22
f 389/53/22 392/56/23 391/55/23
f 389/53/22 390/54/22 392/56/23
f 391/55/23 394/58/24 393/57/24
f 391/55/23 392/56/23 394/58/24
f 393/57/24 396/60/25 395/59/25
f 393/57/24 394/58/24 396/60/25
f 395/59/25 398/62/26 397/61/26
f 395/59/25 396/60/25 398/62/26
f 399/63/27 385/49/27 387/51/27
f 399/63/27 387/51/27 389/53/27
f 399/63/27 389/53/27 391/55/27
f 399/63/27 391/55/27 393/57/27
f 399/63/27 393/57/27 395/59/27
f 399/63/27 395/59/27 397/61/27
f 400/64/28 388/52/28 386/50/28
f 400/64/28 390/54/28 388/52/28
f 400/64/28 392/56/28 390/54/28
f 400/64/28 394/58/28 392/56/28
f 400/64/28 396/60/28 394/58/28
f 400/64/28 398/62/28 396/60/28
f 401/65/29 404/68/30 403/67/30
f 401/65/29 402/66/29 404/68/30
f 403/67/30 406/70/31 405/69/31
f 403/67/30 404/68/30 406/70/31
f 405/69/31 408/72/32 407/71/32
f 405/69/31 406/70/31 408/72/32
f 407/71/32 410/74/33 409/73/33
f 407/71/32 408/72/32 410/74/33
f 409/73/33 412/76/34 411/75/34
f 409/73/33 410/74/33 412/76/34
f 411/75/34 414/78/35 413/77/35
f 411/75/34 412/76/34 414/78/35
f 415/79/36 401/65/36 403/67/36
f 415/79/36 403/67/36 405/69/36
f 415/79/36 405/69/36 407/71/36
f 415/79/36 407/71/36 409/73/36
f 415/79/36 409/73/36 411/75/36
f 415/79/36 411/75/36 413/77/36
f 416/80/37 404/68/37 402/66/37
f 416/80/37 406/70/37 404/68/37
f 416/80/37 408/72/37 406/70/37
f 416/80/37 410/74/37 408/72/37
f 416/80/37 412/76/37 410/74/37
f 416/80/37 414/78/37 412/76/37
f 417/1/1 420/4/2 419/3/2
f 417/1/1 418/2/1 420/4/2
f 419/3/2 422/6/3 421/5/3
f 419/3/2 420/4/2 422/6/3
f 421/5/3 424/8/4 423/7/4
f 421/5/3 422/6/3 424/8/4
f 423/7/4 426/10/5 425/9/5
f 423/7/4 424/8/4 426/10/5
f 425/9/5 428/12/6 427/11/6
f 425/9/5 426/10/5 428/12/6
f 427/11/6 430/14/7 429/13/7
f 427/11/6 428/12/6 430/14/7
f 429/13/7 432/16/8 431/15/8
f 429/13/7 430/14/7 432/16/8
f 431/15/8 434/18/9 433/17/9
f 431/15/8 432/16/8 434/18/9
f 433/17/9 436/20/10 435/19/10
f 433/17/9 434/18/9 436/20/10
f 435/19/10 438/22/11 437/21/11
f 435/19/10 436/20/10 438/22/11
f 439/23/12 417/1/12 419/3/12
f 439/23/12 419/3/12 421/5/12
f 439/23/12 421/5/12 423/7/12
f 439/23/12 423/7/12 425/9/12
f 439/23/12 425/9/12 427/11/12
f 439/23/12 427/11/12 429/13/12
f 439/23/12 429/13/12 431/15/12
f 439/23/12 431/15/12 433/17/12
f 439/23/12 433/17/12 435/19/12
f 439/23/12 435/19/12 437/21/12
f 440/24/13 420/4/13 418/2/13
f 440/24/13 422/6/13 420/4/13
f 440/24/13 424/8/13 422/6/13
f 440/24/13 426/10/13 424/8/13
f 440/24/13 428/12/13 426/10/13
f 440/24/13 430/14/13 428/12/13
f 440/24/13 432/16/13 430/14/13
f 440/24/13 434/18/13 432/16/13
f 440/24/13 436/20/13 434/18/13
f 440/24/13 438/22/13 436/20/13
f 441/25/14 444/28/15 443/27/15
f 441/25/14 442/26/14 444/28/15
f 443/27/15 446/30/16 445/29/16
f 443/27/15 444/28/15 446/30/16
f 445/29/16 448/32/17 447/31/17
f 445/29/16 446/30/16 448/32/17
f 447/31/17 450/34/18 449/33/18
f 447/31/17 448/32/17 450/34/18
f 449/33/18 452/36/19 451/35/19
f 449/33/18 450/34/18 452/36/19
f 451/35/19 454/38/20 453/37/20
f 451/35/19 452/36/19 454/38/20
f 453/37/20 456/40/21 455/39/21
f 453/37/20 454/38/20 456/40/21
f 455/39/21 458/42/22 457/41/22
f 455/39/21 456/40/21 458/42/22
f 457/41/22 460/44/23 459/43/23
f 457/41/22 458/42/22 460/44/23
f 459/43/23 462/46/24 461/45/24
f 459/43/23 460/44/23 462/46/24
f 463/47/25 441/25/25 443/27/25
f 463/47/25 443/27/25 445/29/25
f 463/47/25 445/29/25 447/31/25
f 463/47/25 447/31/25 449/33/25
f 463/47/25 449/33/25 451/35/25
f 463/47/25 451/35/25 453/37/25
f 463/47/25 453/37/25 455/39/25
f 463/47/25 455/39/25 457/41/25
f 463/47/25 457/41/25 459/43/25
f 463/47/25 459/43/25 461/45/25
f 464/48/26 444/28/26 442/26/26
f 464/48/26 446/30/26 444/28/26
f 464/48/26 448/32/26 446/30/26
f 464/48/26 450/34/26 448/32/26
f 464/48/26 452/36/26 450/34/26
f 464/48/26 454/38/26 452/36/26
f 464/48/26 456/40/26 454/38/26
f 464/48/26 458/42/26 456/40/26
f 464/48/26 460/44/26 458/42/26
f 464/48/26 462/46/26 460/44/26
f 465/49/27 468/52/28 467/51/28
f 465/49/27 466/50/27 468/52/28
f 467/51/28 470/54/29 469/53/29
f 467/51/28 468/52/28 470/54/29
f 469/53/29 472/56/30 471/55/30
f 469/53/29 470/54/29 472/56/30
f 471/55/30 474/58/31 473/57/31
f 471/55/30 472/56/30 474/58/31
f 473/57/31 476/60/32 475/59/32
f 473/57/31 474/58/31 476/60/32
f 475/59/32 478/62/33 477/61/33
f 475/59/32 476/60/32 478/62/33
f 477/61/33 480/64/34 479/63/34
f 477/61/33 478/62/33 480/64/34
f 479/63/34 482/66/35 481/65/35
f 479/63/34 480/64/34 482/66/35
f 483/67/36 486/70/37 485/69/37
f 483/67/36 484/68/36 486/70/37
f 485/69/37 488/72/38 487/71/38
f 485/69/37 486/70/37 488/72/38
f 487/71/38 490/74/39 489/73/39
f 487/71/38 488/72/38 490/74/39
f 489/73/39 492/76/40 491/75/40
f 489/73/39 490/74/39 492/76/40
f 491/75/40 494/78/41 493/77/41
f 491/75/40 492/76/40 494/78/41
f 493/77/41 496/80/42 495/79/42
f 493/77/41 494/78/41 496/80/42
f 495/79/42 498/82/43 497/81/43
f 495/79/42 496/80/42 498/82/43
f 497/81/43 500/84/44 499/83/44
f 497/81/43 498/82/43 500/84/44
f 501/85/45 504/88/46 503/87/46
f 501/85/45 502/86/45 504/88/46
f 503/87/46 506/90/47 505/89/47
f 503/87/46 504/88/46 506/90/47
f 505/89/47 508/92/48 507/91/48
f 505/89/47 506/90/47 508/92/48
f 507/91/48 510/94/49 509/93/49
f 507/91/48 508/92/48 510/94/49
f 509/93/49 512/96/50 511/95/50
f 509/93/49 510/94/49 512/96/50
f 511/95/50 514/98/51 513/97/51
f 511/95/50 512/96/50 514/98/51
f 513/97/51 516/100/52 515/99/52
f 513/97/51 514/98/51 516/100/52
f 515/99/52 518/102/53 517/101/53
f 515/99/52 516/100/52 518/102/53
f 519/103/54 522/106/55 521/105/55
f 519/103/54 520/104/54 522/106/55
f 521/105/55 524/108/56 523/107/56
f 521/105/55 522/106/55 524/108/56
f 523/107/56 526/110/57 525/109/57
f 523/107/56 524/108/56 526/110/57
f 525/109/57 528/112/58 527/111/58
f 525/109/57 526/110/57 528/112/58
f 527/111/58 530/114/59 529/113/59
f 527/111/58 528/112/58 530/114/59
f 529/113/59 532/116/60 531/115/60
f 529/113/59 530/114/59 532/116/60
f 531/115/60 534/118/61 533/117/61
f 531/115/60 532/116/60 534/118/61
f 533/117/61 536/120/62 535/119/62
f 533/117/61 534/118/61 536/120/62
f 537/121/63 540/124/64 539/123/64
f 537/121/63 538/122/63 540/124/64
f 539/123/64 542/126/65 541/125/65
f 539/123/64 540/124/64 542/126/65
f 541/125/65 544/128/66 543/127/66
f 541/125/65 542/126/65 544/128/66
f 543/127/66 546/130/67 545/129/67
f 543/127/66 544/128/66 546/130/67
f 545/129/67 548/132/68 547/131/68
f 545/129/67 546/130/67 548/132/68
f 547/131/68 550/134/69 549/133/69
f 547/131/68 548/132/68 550/134/69
f 549/133/69 552/136/70 551/135/70
f 549/133/69 550/134/69 552/136/70
f 551/135/70 554/138/71 553/137/71
f 551/135/70 552/136/70 554/138/71
f 555/139/72 558/142/73 557/141/73
f 555/139/72 556/140/72 558/142/73
f 557/141/73 560/144/74 559/143/74
f 557/141/73 558/142/73 560/144/74
f 559/143/74 562/146/75 561/145/75
f 559/143/74 560/144/74 562/146/75
f 561/145/75 564/148/76 563/147/76
f 561/145/75 562/146/75 564/148/76
f 563/147/76 566/150/77 565/149/77
f 563/147/76 564/148/76 566/150/77
f 565/149/77 568/152/78 567/151/78
f 565/149/77 566/150/77 568/152/78
f 567/151/78 570/154/79 569/153/79
f 567/151/78 568/152/78 570/154/79
f 569/153/79 572/156/80 571/155/80
f 569/153/79 570/154/79 572/156/80
f 573/157/81 576/160/82 575/159/82
f 573/157/81 574/158/81 576/160/82
f 575/159/82 578/162/83 577/161/83
f 575/159/82 576/160/82 578/162/83
f 577/161/83 580/164/84 579/163/84
f 577/161/83 578/162/83 580/164/84
f 579/163/84 582/166/85 581/165/85
f 579/163/84 580/164/84 582/166/85
f 581/165/85 584/168/86 583/167/86
f 581/165/85 582/166/85 584/168/86
f 583/167/86 586/170/87 585/169/87
f 583/167/86 584/168/86 586/170/87
f 585/169/87 588/172/88 587/171/88
f 585/169/87 586/170/87 588/172/88
f 587/171/88 590/174/89 589/173/89
f 587/171/88 588/172/88 590/174/89
f 591/175/90 594/178/91 593/177/91
f 591/175/90 592/176/90 594/178/91
f 593/177/91 596/180/92 595/179/92
f 593/177/91 594/178/91 596/180/92
f 595/179/92 598/182/93 597/181/93
f 595/179/92 596/180/92 598/182/93
f 597/181/93 600/184/94 599/183/94
f 597/181/93 598/182/93 600/184/94
f 599/183/94 602/186/95 601/185/95
f 599/183/94 600/184/94 602/186/95
f 601/185/95 604/188/96 603/187/96
f 601/185/95 602/186/95 604/188/96
f 603/187/96 606/190/97 605/189/97
f 603/187/96 604/188/96 606/190/97
f 605/189/97 608/192/98 607/191/98
f 605/189/97 606/190/97 608/192/98
f 609/193/99 612/196/100 611/195/100
f 609/193/99 610/194/99 612/196/100
f 611/195/100 614/198/101 613/197/101
f 611/195/100 612/196/100 614/198/101
f 613/197/101 616/200/102 615/199/102
f 613/197/101 614/198/101 616/200/102
f 615/199/102 618/202/103 617/201/103
f 615/199/102 616/200/102 618/202/103
f 617/201/103 620/204/104 619/203/104
f 617/201/103 618/202/103 620/204/104
f 619/203/104 622/206/105 621/205/105
f 619/203/104 620/204/104 622/206/105
f 623/207/106 609/193/106 611/195/106
f 623/207/106 611/195/106 613/197/106
f 623/207/106 613/197/106 615/199/106
f 623/207/106 615/199/106 617/201/106
f 623/207/106 617/201/106 619/203/106
f 623/207/106 619/203/106 621/205/106
f 624/208/107 612/196/107 610/194/107
f 624/208/107 614/198/107 612/196/107
f 624/208/107 616/200/107 614/198/107
f 624/208/107 618/202/107 616/200/107
f 624/208/107 620/204/107 618/202/107
f 624/208/107 622/206/107 620/204/107
f 625/209/108 628/212/109 627/211/109
f 625/209/108 626/210/108 628/212/109
f 627/211/109 630/214/110 629/213/110
f 627/211/109 628/212/109 630/214/110
f 629/213/110 632/216/111 631/215/111
f 629/213/110 630/214/110 632/216/111
f 631/215/111 634/218/112 633/217/112
f 631/215/111 632/216/111 634/218/112
f 633/217/112 636/220/113 635/219/113
f 633/217/112 634/218/112 636/220/113
f 635/219/113 638/222/114 637/221/114
f 635/219/113 636/220/113 638/222/114
f 639/223/115 625/209/115 627/211/115
f 639/223/115 627/211/115 629/213/115
f 639/223/115 629/213/115 631/215/115
f 639/223/115 631/215/115 633/217/115
f 639/223/115 633/217/115 635/219/115
f 639/223/115 635/219/115 637/221/115
f 640/224/116 628/212/116 626/210/116
f 640/224/116 630/214/116 628/212/116
f 640/224/116 632/216/116 630/214/116
f 640/224/116 634/218/116 632/216/116
f 640/224/116 636/220/116 634/218/116
f 640/224/116 638/222/116 636/220/116
f 641/225/117 643/227/117 642/226/117
f 641/225/117 644/228/117 643/227/117
f 645/229/118 647/231/118 646/230/118
f 645/229/118 648/232/118 647/231/118
f 649/233/119 651/235/119 650/234/119
f 649/233/119 652/236/119 651/235/119
f 653/237/120 655/239/120 654/238/120
f 653/237/120 656/240/120 655/239/120
f 657/241/121 659/243/121 658/242/121
f 657/241/121 660/244/121 659/243/121
f 661/245/122 663/247/122 662/246/122
f 661/245/122 664/248/122 663/247/122
f 665/249/123 667/251/123 666/250/123
f 665/249/123 668/252/123 667/251/123
f 669/253/124 671/255/124 670/254/124
f 669/253/124 672/256/124 671/255/124
f 673/257/125 675/259/125 674/258/125
f 673/257/125 676/260/125 675/259/125
f 677/261/126 679/263/126 678/262/126
f 677/261/126 680/264/126 679/263/126
f 681/265/127 683/267/127 682/266/127
f 681/265/127 684/268/127 683/267/127
f 685/269/128 687/271/128 686/270/128
f 685/269/128 688/272/128 687/271/128
f 689/273/129 691/275/129 690/274/129
f 689/273/129 692/276/129 691/275/129
f 693/277/130 695/279/130 694/278/130
f 693/277/130 696/280/130 695/279/130
f 697/281/131 699/283/131 698/282/131
f 697/281/131 700/284/131 699/283/131
f 701/285/132 703/287/132 702/286/132
f 701/285/132 704/288/132 703/287/132
f 705/289/133 707/291/133 706/290/133
f 705/289/133 708/292/133 707/291/133
f 709/293/134 711/295/134 710/294/134
f 709/293/134 712/296/134 711/295/134
f 713/297/135 715/299/135 714/298/135
f 713/297/135 716/300/135 715/299/135
f 717/301/136 719/303/136 718/302/136
f 717/301/136 720/304/136 719/303/136
f 721/305/137 723/307/137 722/306/137
f 721/305/137 724/308/137 723/307/137
f 725/309/138 727/311/138 726/310/138
f 725/309/138 728/312/138 727/311/138
f 729/313/139 731/315/139 730/314/139
f 729/313/139 732/316/139 731/315/139
f 733/317/140 735/319/140 734/318/140
f 733/317/140 736/320/140 735/319/140
f 737/321/141 740/324/142 739/323/142
f 737/321/141 738/322/141 740/324/142
f 739/323/142 742/326/143 741/325/143
f 739/323/142 740/324/142 742/326/143
f 741/325/143 744/328/144 743/327/144
f 741/325/143 742/326/143 744/328/144
f 743/327/144 746/330/145 745/329/145
f 743/327/144 744/328/144 746/330/145
f 745/329/145 748/332/146 747/331/146
f 745/329/145 746/330/145 748/332/146
f 747/331/146 750/334/147 749/333/147
f 747/331/146 748/332/146 750/334/147
f 749/333/147 752/336/148 751/335/148
f 749/333/147 750/334/147 752/336/148
f 751/335/148 754/338/149 753/337/149
f 751/335/148 752/336/148 754/338/149
f 755/339/150 737/321/150 739/323/150
f 755/339/150 739/323/150 741/325/150
f 755/339/150 741/325/150 743/327/150
f 755/339/150 743/327/150 745/329/150
f 755/339/150 745/329/150 747/331/150
f 755/339/150 747/331/150 749/333/150
f 755/339/150 749/333/150 751/335/150
f 755/339/150 751/335/150 753/337/150
f 756/340/151 740/324/151 738/322/151
f 756/340/151 742/326/151 740/324/151
f 756/340/151 744/328/151 742/326/151
f 756/340/151 746/330/151 744/328/151
f 756/340/151 748/332/151 746/330/151
f 756/340/151 750/334/151 748/332/151
f 756/340/151 752/336/151 750/334/151
f 756/340/151 754/338/151 752/336/151
f 757/341/152 760/344/153 759/343/153
f 757/341/152 758/342/152 760/344/153
f 759/343/153 762/346/154 761/345/154
f 759/343/153 760/344/153 762/346/154
f 761/345/154 764/348/155 763/347/155
f 761/345/154 762/346/154 764/348/155
f 763/347/155 766/350/156 765/349/156
f 763/347/155 764/348/155 766/350/156
f 765/349/156 768/352/157 767/351/157
f 765/349/156 766/350/156 768/352/157
f 767/351/157 770/354/158 769/353/158
f 767/351/157 768/352/157 770/354/158
f 769/353/158 772/356/159 771/355/159
f 769/353/158 770/354/158 772/356/159
f 771/355/159 774/358/160 773/357/160
f 771/355/159 772/356/159 774/358/160
f 775/359/161 778/362/162 777/361/162
f 775/359/161 776/360/161 778/362/162
f 777/361/162 780/364/163 779/363/163
f 777/361/162 778/362/162 780/364/163
f 779/363/163 782/366/164 781/365/164
f 779/363/163 780/364/163 782/366/164
f 781/365/164 784/368/165 783/367/165
f 781/365/164 782/366/164 784/368/165
f 783/367/165 786/370/166 785/369/166
f 783/367/165 784/368/165 786/370/166
f 785/369/166 788/372/167 787/371/167
f 785/369/166 786/370/166 788/372/167
f 787/371/167 790/374/168 789/373/168
f 787/371/167 788/372/167 790/374/168
f 789/373/168 792/376/169 791/375/169
f 789/373/168 790/374/168 792/376/169
f 793/377/170 796/380/171 795/379/171
f 793/377/170 794/378/170 796/380/171
f 795/379/171 798/382/172 797/381/172
f 795/379/171 796/380/171 798/382/172
f 797/381/172 800/384/173 799/383/173
f 797/381/172 798/382/172 800/384/173
f 799/383/173 802/386/174 801/385/174
f 799/383/173 800/384/173 802/386/174
f 801/385/174 804/388/175 803/387/175
f 801/385/174 802/386/174 804/388/175
f 803/387/175 806/390/176 805/389/176
f 803/387/175 804/388/175 806/390/176
f 805/389/176 808/392/177 807/391/177
f 805/389/176 806/390/176 808/392/177
f 807/391/177 810/394/178 809/393/178
f 807/391/177 808/392/177 810/394/178
f 811/395/179 793/377/179 795/379/179
f 811/395/179 795/379/179 797/381/179
f 811/395/179 797/381/179 799/383/179
f 811/395/179 799/383/179 801/385/179
f 811/395/179 801/385/179 803/387/179
f 811/395/179 803/387/179 805/389/179
f 811/395/179 805/389/179 807/391/179
f 811/395/179 807/391/179 809/393/179
f 812/396/180 796/380/180 794/378/180
f 812/396/180 798/382/180 796/380/180
f 812/396/180 800/384/180 798/382/180
f 812/396/180 802/386/180 800/384/180
f 812/396/180 804/388/180 802/386/180
f 812/396/180 806/390/180 804/388/180
f 812/396/180 808/392/180 806/390/180
f 812/396/180 810/394/180 808/392/180
f 813/397/181 816/400/182 815/399/182
f 813/397/181 814/398/181 816/400/182
f 815/399/182 818/402/183 817/401/183
f 815/399/182 816/400/182 818/402/183
f 817/401/183 820/404/184 819/403/184
f 817/401/183 818/402/183 820/404/184
f 819/403/184 822/406/185 821/405/185
f 819/403/184 820/404/184 822/406/185
f 821/405/185 824/408/186 823/407/186
f 821/405/185 822/406/185 824/408/186
f 823/407/186 826/410/187 825/409/187
f 823/407/186 824/408/186 826/410/187
f 825/409/187 828/412/188 827/411/188
f 825/409/187 826/410/187 828/412/188
f 827/411/188 830/414/189 829/413/189
f 827/411/188 828/412/188 830/414/189
f 831/415/190 813/397/190 815/399/190
f 831/415/190 815/399/190 817/401/190
f 831/415/190 817/401/190 819/403/190
f 831/415/190 819/403/190 821/405/190
f 831/415/190 821/405/190 823/407/190
f 831/415/190 823/407/190 825/409/190
f 831/415/190 825/409/190 827/411/190
f 831/415/190 827/411/190 829/413/190
f 832/416/191 816/400/191 814/398/191
f 832/416/191 818/402/191 816/400/191
f 832/416/191 820/404/191 818/402/191
f 832/416/191 822/406/191 820/404/191
f 832/416/191 824/408/191 822/406/191
f 832/416/191 826/410/191 824/408/191
f 832/416/191 828/412/191 826/410/191
f 832/416/191 830/414/191 828/412/191
f 833/417/192 836/420/193 835/419/193
f 833/417/192 834/418/192 836/420/193
f 835/419/193 838/422/194 837/421/194
f 835/419/193 836/420/193 838/422/194
f 837/421/194 840/424/195 839/423/195
f 837/421/194 838/422/194 840/424/195
f 839/423/195 842/426/196 841/425/196
f 839/423/195 840/424/195 842/426/196
f 841/425/196 844/428/197 843/427/197
f 841/425/196 842/426/196 844/428/197
f 843/427/197 846/430/198 845/429/198
f 843/427/197 844/428/197 846/430/198
f 845/429/198 848/432/199 847/431/199
f 845/429/198 846/430/198 848/432/199
f 847/431/199 850/434/200 849/433/200
f 847/431/199 848/432/199 850/434/200
f 851/435/201 854/438/202 853/437/202
f 851/435/201 852/436/201 854/438/202
f 853/437/202 856/440/203 855/439/203
f 853/437/202 854/438/202 856/440/203
f 855/439/203 858/442/204 857/441/204
f 855/439/203 856/440/203 858/442/204
f 857/441/204 860/444/205 859/443/205
f 857/441/204 858/442/204 860/444/205
f 859/443/205 862/446/206 861/445/206
f 859/443/205 860/444/205 862/446/206
f 861/445/206 864/448/207 863/447/207
f 861/445/206 862/446/206 864/448/207
f 863/447/207 866/450/208 865/449/208
f 863/447/207 864/448/207 866/450/208
f 865/449/208 868/452/209 867/451/209
f 865/449/208 866/450/208 868/452/209
f 869/453/210 872/456/211 871/455/211
f 869/453/210 870/454/210 872/456/211
f 871/455/211 874/458/212 873/457/212
f 871/455/211 872/456/211 874/458/212
f 873/457/212 876/460/213 875/459/213
f 873/457/212 874/458/212 876/460/213
f 875/459/213 878/462/214 877/461/214
f 875/459/213 876/460/213 878/462/214
f 877/461/214 880/464/215 879/463/215
f 877/461/214 878/462/214 880/464/215
f 879/463/215 882/466/216 881/465/216
f 879/463/215 880/464/215 882/466/216
f 881/465/216 884/468/217 883/467/217
f 881/465/216 882/466/216 884/468/217
f 883/467/217 886/470/218 885/469/218
f 883/467/217 884/468/217 886/470/218
f 887/471/219 869/453/219 871/455/219
f 887/471/219 871/455/219 873/457/219
f 887/471/219 873/457/219 875/459/219
f 887/471/219 875/459/219 877/461/219
f 887/471/219 877/461/219 879/463/219
f 887/471/219 879/463/219 881/465/219
f 887/471/219 881/465/219 883/467/219
f 887/471/219 883/467/219 885/469/219
f 888/472/220 872/456/220 870/454/220
f 888/472/220 874/458/220 872/456/220
f 888/472/220 876/460/220 874/458/220
f 888/472/220 878/462/220 876/460/220
f 888/472/220 880/464/220 878/462/220
f 888/472/220 882/466/220 880/464/220
f 888/472/220 884/468/220 882/466/220
f 888/472/220 886/470/220 884/468/220
f 889/473/221 892/476/222 891/475/222
f 889/473/221 890/474/221 892/476/222
f 891/475/222 894/478/223 893/477/223
f 891/475/222 892/476/222 894/478/223
f 893/477/223 896/480/224 895/479/224
f 893/477/223 894/478/223 896/480/224
f 895/479/224 898/482/225 897/481/225
f 895/479/224 896/480/224 898/482/225
f 897/481/225 900/484/226 899/483/226
f 897/481/225 898/482/225 900/484/226
f 899/483/226 902/486/227 901/485/227
f 899/483/226 900/484/226 902/486/227
f 901/485/227 904/488/228 903/487/228
f 901/485/227 902/486/227 904/488/228
f 903/487/228 906/490/229 905/489/229
f 903/487/228 904/488/228 906/490/229
f 907/491/230 889/473/230 891/475/230
f 907/491/230 891/475/230 893/477/230
f 907/491/230 893/477/230 895/479/230
f 907/491/230 895/479/230 897/481/230
f 907/491/230 897/481/230 899/483/230
f 907/491/230 899/483/230 901/485/230
f 907/491/230 901/485/230 903/487/230
f 907/491/230 903/487/230 905/489/230
f 908/492/231 892/476/231 890/474/231
f 908/492/231 894/478/231 892/476/231
f 908/492/231 896/480/231 894/478/231
f 908/492/231 898/482/231 896/480/231
f 908/492/231 900/484/231 898/482/231
f 908/492/231 902/486/231 900/484/231
f 908/492/231 904/488/231 902/486/231
f 908/492/231 906/490/231 904/488/231
f 909/493/232 912/496/233 911/495/233
f 909/493/232 910/494/232 912/496/233
f 911/495/233 914/498/234 913/497/234
f 911/495/233 912/496/233 914/498/234
f 913/497/234 916/500/235 915/499/235
f 913/497/234 914/498/234 916/500/235
f 915/499/235 918/502/236 917/501/236
f 915/499/235 916/500/235 918/502/236
f 917/501/236 920/504/237 919/503/237
f 917/501/236 918/502/236 920/504/237
f 919/503/237 922/506/238 921/505/238
f 919/503/237 920/504/237 922/506/238
f 921/505/238 924/508/239 923/507/239
f 921/505/238 922/506/238 924/508/239
f 923/507/239 926/510/240 925/509/240
f 923/507/239 924/508/239 926/510/240
f 927/511/241 909/493/241 911/495/241
f 927/511/241 911/495/241 913/497/241
f 927/511/241 913/497/241 915/499/241
f 927/511/241 915/499/241 917/501/241
f 927/511/241 917/501/241 919/503/241
f 927/511/241 919/503/241 921/505/241
f 927/511/241 921/505/241 923/507/241
f 927/511/241 923/507/241 925/509/241
f 928/512/242 912/496/242 910/494/242
f 928/512/242 914/498/242 912/496/242
f 928/512/242 916/500/242 914/498/242
f 928/512/242 918/502/242 916/500/242
f 928/512/242 920/504/242 918/502/242
f 928/512/242 922/506/242 920/504/242
f 928/512/242 924/508/242 922/506/242
f 928/512/242 926/510/242 924/508/242
f 929/1/1 932/4/2 931/3/2
f 929/1/1 930/2/1 932/4/2
f 931/3/2 934/6/3 933/5/3
f 931/3/2 932/4/2 934/6/3
f 933/5/3 936/8/4 935/7/4
f 933/5/3 934/6/3 936/8/4
f 935/7/4 938/10/5 937/9/5
f 935/7/4 936/8/4 938/10/5
f 937/9/5 940/12/6 939/11/6
f 937/9/5 938/10/5 940/12/6
f 939/11/6 942/14/7 941/13/7
f 939/11/6 940/12/6 942/14/7
f 941/13/7 944/16/8 943/15/8
f 941/13/7 942/14/7 944/16/8
f 943/15/8 946/18/9 945/17/9
f 943/15/8 944/16/8 946/18/9
f 945/17/9 948/20/10 947/19/10
f 945/17/9 946/18/9 948/20/10
f 947/19/10 950/22/11 949/21/11
f 947/19/10 948/20/10 950/22/11
f 951/23/12 929/1/12 931/3/12
f 951/23/12 931/3/12 933/5/12
f 951/23/12 933/5/12 935/7/12
f 951/23/12 935/7/12 937/9/12
f 951/23/12 937/9/12 939/11/12
f 951/23/12 939/11/12 941/13/12
f 951/23/12 941/13/12 943/15/12
f 951/23/12 943/15/12 945/17/12
f 951/23/12 945/17/12 947/19/12
f 951/23/12 947/19/12 949/21/12
f 952/24/13 932/4/13 930/2/13
f 952/24/13 934/6/13 932/4/13
f 952/24/13 936/8/13 934/6/13
f 952/24/13 938/10/13 936/8/13
f 952/24/13 940/12/13 938/10/13
f 952/24/13 942/14/13 940/12/13
f 952/24/13 944/16/13 942/14/13
f 952/24/13 946/18/13 944/16/13
f 952/24/13 948/20/13 946/18/13
f 952/24/13 950/22/13 948/20/13
f 953/25/14 955/27/14 954/26/14
f 953/25/14 956/28/14 955/27/14
f 957/29/15 959/31/15 958/30/15
f 957/29/15 960/32/15 959/31/15
f 961/33/16 963/35/16 962/34/16
f 961/33/16 964/36/16 963/35/16
f 965/37/17 967/39/17 966/38/17
f 965/37/17 968/40/17 967/39/17
f 969/41/18 971/43/18 970/42/18
f 969/41/18 972/44/18 971/43/18
f 973/45/19 975/47/19 974/46/19
f 973/45/19 976/48/19 975/47/19
f 977/49/20 980/52/21 979/51/21
f 977/49/20 978/50/20 980/52/21
f 979/51/21 982/54/22 981/53/22
f 979/51/21 980/52/21 982/54/22
f 981/53/22 984/56/23 983/55/23
f 981/53/22 982/54/22 984/56/23
f 983/55/23 986/58/24 985/57/24
f 983/55/23 984/56/23 986/58/24
f 985/57/24 988/60/25 987/59/25
f 985/57/24 986/58/24 988/60/25
f 987/59/25 990/62/26 989/61/26
f 987/59/25 988/60/25 990/62/26
f 989/61/26 992/64/27 991/63/27
f 989/61/26 990/62/26 992/64/27
f 991/63/27 994/66/28 993/65/28
f 991/63/27 992/64/27 994/66/28
f 995/67/29 998/70/30 997/69/30
f 995/67/29 996/68/29 998/70/30
f 997/69/30 1000/72/31 999/71/31
f 997/69/30 998/70/30 1000/72/31
f 999/71/31 1002/74/32 1001/73/32
f 999/71/31 1000/72/31 1002/74/32
f 1001/73/32 1004/76/33 1003/75/33
f 1001/73/32 1002/74/32 1004/76/33
f 1003/75/33 1006/78/34 1005/77/34
f 1003/75/33 1004/76/33 1006/78/34
f 1005/77/34 1008/80/35 1007/79/35
f 1005/77/34 1006/78/34 1008/80/35
f 1007/79/35 1010/82/36 1009/81/36
f 1007/79/35 1008/80/35 1010/82/36
f 1009/81/36 1012/84/37 1011/83/37
f 1009/81/36 1010/82/36 1012/84/37
f 1013/85/38 1016/88/39 1015/87/39
f 1013/85/38 1014/86/38 1016/88/39
f 1015/87/39 1018/90/40 1017/89/40
f 1015/87/39 1016/88/39 1018/90/40
f 1017/89/40 1020/92/41 1019/91/41
f 1017/89/40 1018/90/40 1020/92/41
f 1019/91/41 1022/94/42 1021/93/42
f 1019/91/41 1020/92/41 1022/94/42
f 1021/93/42 1024/96/43 1023/95/43
f 1021/93/42 1022/94/42 1024/96/43
f 1023/95/43 1026/98/44 1025/97/44
f 1023/95/43 1024/96/43 1026/98/44
f 1025/97/44 1028/100/45 1027/99/45
f 1025/97/44 1026/98/44 1028/100/45
f 1027/99/45 1030/102/46 1029/101/46
f 1027/99/45 1028/100/45 1030/102/46
f 1031/103/47 1034/106/48 1033/105/48
f 1031/103/47 1032/104/47 1034/106/48
f 1033/105/48 1036/108/49 1035/107/49
f 1033/105/48 1034/106/48 1036/108/49
f 1035/107/49 1038/110/50 1037/109/50
f 1035/107/49 1036/108/49 1038/110/50
f 1037/109/50 1040/112/51 1039/111/51
f 1037/109/50 1038/110/50 1040/112/51
f 1039/111/51 1042/114/52 1041/113/52
f 1039/111/51 1040/112/51 1042/114/52
f 1041/113/52 1044/116/53 1043/115/53
f 1041/113/52 1042/114/52 1044/116/53
f 1043/115/53 1046/118/54 1045/117/54
f 1043/115/53 1044/116/53 1046/118/54
f 1045/117/54 1048/120/55 1047/119/55
f 1045/117/54 1046/118/54 1048/120/55
f 1049/121/56 1052/124/57 1051/123/57
f 1049/121/56 1050/122/56 1052/124/57
f 1051/123/57 1054/126/58 1053/125/58
f 1051/123/57 1052/124/57 1054/126/58
f 1053/125/58 1056/128/59 1055/127/59
f 1053/125/58 1054/126/58 1056/128/59
f 1055/127/59 1058/130/60 1057/129/60
f 1055/127/59 1056/128/59 1058/130/60
f 1057/129/60 1060/132/61 1059/131/61
f 1057/129/60 1058/130/60 1060/132/61
f 1059/131/61 1062/134/62 1061/133/62
f 1059/131/61 1060/132/61 1062/134/62
f 1061/133/62 1064/136/63 1063/135/63
f 1061/133/62 1062/134/62 1064/136/63
f 1063/135/63 1066/138/64 1065/137/64
f 1063/135/63 1064/136/63 1066/138/64
f 1067/139/65 1070/142/66 1069/141/66
f 1067/139/65 1068/140/65 1070/142/66
f 1069/141/66 1072/144/67 1071/143/67
f 1069/141/66 1070/142/66 1072/144/67
f 1071/143/67 1074/146/68 1073/145/68
f 1071/143/67 1072/144/67 1074/146/68
f 1073/145/68 1076/148/69 1075/147/69
f 1073/145/68 1074/146/68 1076/148/69
f 1075/147/69 1078/150/70 1077/149/70
f 1075/147/69 1076/148/69 1078/150/70
f 1077/149/70 1080/152/71 1079/151/71
f 1077/149/70 1078/150/70 1080/152/71
f 1079/151/71 1082/154/72 1081/153/72
f 1079/151/71 1080/152/71 1082/154/72
f 1081/153/72 1084/156/73 1083/155/73
f 1081/153/72 1082/154/72 1084/156/73
f 1085/157/74 1088/160/75 1087/159/75
f 1085/157/74 1086/158/74 1088/160/75
f 1087/159/75 1090/162/76 1089/161/76
f 1087/159/75 1088/160/75 1090/162/76
f 1089/161/76 1092/164/77 1091/163/77
f 1089/161/76 1090/162/76 1092/164/77
f 1091/163/77 1094/166/78 1093/165/78
f 1091/163/77 1092/164/77 1094/166/78
f 1093/165/78 1096/168/79 1095/167/79
f 1093/165/78 1094/166/78 1096/168/79
f 1095/167/79 1098/170/80 1097/169/80
f 1095/167/79 1096/168/79 1098/170/80
f 1097/169/80 1100/172/81 1099/171/81
f 1097/169/80 1098/170/80 1100/172/81
f 1099/171/81 1102/174/82 1101/173/82
f 1099/171/81 1100/172/81 1102/174/82
f 1103/175/83 1106/178/84 1105/177/84
f 1103/175/83 1104/176/83 1106/178/84
f 1105/177/84 1108/180/85 1107/179/85
f 1105/177/84 1106/178/84 1108/180/85
f 1107/179/85 1110/182/86 1109/181/86
f 1107/179/85 1108/180/85 1110/182/86
f 1109/181/86 1112/184/87 1111/183/87
f 1109/181/86 1110/182/86 1112/184/87
f 1111/183/87 1114/186/88 1113/185/88
f 1111/183/87 1112/184/87 1114/186/88
f 1113/185/88 1116/188/89 1115/187/89
f 1113/185/88 1114/186/88 1116/188/89
f 1115/187/89 1118/190/90 1117/189/90
f 1115/187/89 1116/188/89 1118/190/90
f 1117/189/90 1120/192/91 1119/191/91
f 1117/189/90 1118/190/90 1120/192/91
f 1121/193/92 1124/196/93 1123/195/93
f 1121/193/92 1122/194/92 1124/196/93
f 1123/195/93 1126/198/94 1125/197/94
f 1123/195/93 1124/196/93 1126/198/94
f 1125/197/94 1128/200/95 1127/199/95
f 1125/197/94 1126/198/94 1128/200/95
f 1127/199/95 1130/202/96 1129/201/96
f 1127/199/95 1128/200/95 1130/202/96
f 1129/201/96 1132/204/97 1131/203/97
f 1129/201/96 1130/202/96 1132/204/97
f 1131/203/97 1134/206/98 1133/205/98
f 1131/203/97 1132/204/97 1134/206/98
f 1133/205/98 1136/208/99 1135/207/99
f 1133/205/98 1134/206/98 1136/208/99
f 1135/207/99 1138/210/100 1137/209/100
f 1135/207/99 1136/208/99 1138/210/100
f 1139/211/101 1142/214/102 1141/213/102
f 1139/211/101 1140/212/101 1142/214/102
f 1141/213/102 1144/216/103 1143/215/103
f 1141/213/102 1142/214/102 1144/216/103
f 1143/215/103 1146/218/104 1145/217/104
f 1143/215/103 1144/216/103 1146/218/104
f 1145/217/104 1148/220/105 1147/219/105
f 1145/217/104 1146/218/104 1148/220/105
f 1147/219/105 1150/222/106 1149/221/106
f 1147/219/105 1148/220/105 1150/222/106
f 1149/221/106 1152/224/107 1151/223/107
f 1149/221/106 1150/222/106 1152/224/107
f 1151/223/107 1154/226/108 1153/225/108
f 1151/223/107 1152/224/107 1154/226/108
f 1153/225/108 1156/228/109 1155/227/109
f 1153/225/108 1154/226/108 1156/228/109
f 1157/229/110 1160/232/111 1159/231/111
f 1157/229/110 1158/230/110 1160/232/111
f 1159/231/111 1162/234/112 1161/233/112
f 1159/231/111 1160/232/111 1162/234/112
f 1161/233/112 1164/236/113 1163/235/113
f 1161/233/112 1162/234/112 1164/236/113
f 1163/235/113 1166/238/114 1165/237/114
f 1163/235/113 1164/236/113 1166/238/114
f 1165/237/114 1168/240/115 1167/239/115
f 1165/237/114 1166/238/114 1168/240/115
f 1167/239/115 1170/242/116 1169/241/116
f 1167/239/115 1168/240/115 1170/242/116
f 1169/241/116 1172/244/117 1171/243/117
f 1169/241/116 1170/242/116 1172/244/117
f 1171/243/117 1174/246/118 1173/245/118
f 1171/243/117 1172/244/117 1174/246/118
f 1175/247/119 1178/250/120 1177/249/120
f 1175/247/119 1176/248/119 1178/250/120
f 1177/249/120 1180/252/121 1179/251/121
f 1177/249/120 1178/250/120 1180/252/121
f 1179/251/121 1182/254/122 1181/253/122
f 1179/251/121 1180/252/121 1182/254/122
f 1181/253/122 1184/256/123 1183/255/123
f 1181/253/122 1182/254/122 1184/256/123
f 1183/255/123 1186/258/124 1185/257/124
f 1183/255/123 1184/256/123 1186/258/124
f 1185/257/124 1188/260/125 1187/259/125
f 1185/257/124 1186/258/124 1188/260/125
f 1187/259/125 1190/262/126 1189/261/126
f 1187/259/125 1188/260/125 1190/262/126
f 1189/261/126 1192/264/127 1191/263/127
f 1189/261/126 1190/262/126 1192/264/127
f 1193/265/128 1196/268/129 1195/267/129
f 1193/265/128 1194/266/128 1196/268/129
f 1195/267/129 1198/270/130 1197/269/130
f 1195/267/129 1196/268/129 1198/270/130
f 1197/269/130 1200/272/131 1199/271/131
f 1197/269/130 1198/270/130 1200/272/131
f 1199/271/131 1202/274/132 1201/273/132
f 1199/271/131 1200/272/131 1202/274/132
f 1201/273/132 1204/276/133 1203/275/133
f 1201/273/132 1202/274/132 1204/276/133
f 1203/275/133 1206/278/134 1205/277/134
f 1203/275/133 1204/276/133 1206/278/134
f 1205/277/134 1208/280/135 1207/279/135
f 1205/277/134 1206/278/134 1208/280/135
f 1207/279/135 1210/282/136 1209/281/136
f 1207/279/135 1208/280/135 1210/282/136
f 1209/281/136 1212/284/137 1211/283/137
f 1209/281/136 1210/282/136 1212/284/137
f 1211/283/137 1214/286/138 1213/285/138
f 1211/283/137 1212/284/137 1214/286/138
f 1215/287/139 1193/265/139 1195/267/139
f 1215/287/139 1195/267/139 1197/269/139
f 1215/287/139 1197/269/139 1199/271/139
f 1215/287/139 1199/271/139 1201/273/139
f 1215/287/139 1201/273/139 1203/275/139
f 1215/287/139 1203/275/139 1205/277/139
f 1215/287/139 1205/277/139 1207/279/139
f 1215/287/139 1207/279/139 1209/281/139
f 1215/287/139 1209/281/139 1211/283/139
f 1215/287/139 1211/283/139 1213/285/139
f 1216/288/140 1196/268/140 1194/266/140
f 1216/288/140 1198/270/140 1196/268/140
f 1216/288/140 1200/272/140 1198/270/140
f 1216/288/140 1202/274/140 1200/272/140
f 1216/288/140 1204/276/140 1202/274/140
f 1216/288/140 1206/278/140 1204/276/140
f 1216/288/140 1208/280/140 1206/278/140
f 1216/288/140 1210/282/140 1208/280/140
f 1216/288/140 1212/284/140 1210/282/140
f 1216/288/140 1214/286/140 1212/284/140
f 1217/289/141 1220/292/142 1219/291/142
f 1217/289/141 1218/290/141 1220/292/142
f 1219/291/142 1222/294/143 1221/293/143
f 1219/291/142 1220/292/142 1222/294/143
f 1221/293/143 1224/296/144 1223/295/144
f 1221/293/143 1222/294/143 1224/296/144
f 1223/295/144 1226/298/145 1225/297/145
f 1223/295/144 1224/296/144 1226/298/145
f 1225/297/145 1228/300/146 1227/299/146
f 1225/297/145 1226/298/145 1228/300/146
f 1227/299/146 1230/302/147 1229/301/147
f 1227/299/146 1228/300/146 1230/302/147
f 1229/301/147 1232/304/148 1231/303/148
f 1229/301/147 1230/302/147 1232/304/148
f 1231/303/148 1234/306/149 1233/305/149
f 1231/303/148 1232/304/148 1234/306/149
f 1233/305/149 1236/308/150 1235/307/150
f 1233/305/149 1234/306/149 1236/308/150
f 1235/307/150 1238/310/151 1237/309/151
f 1235/307/150 1236/308/150 1238/310/151
f 1239/311/152 1217/289/152 1219/291/152
f 1239/311/152 1219/291/152 1221/293/152
f 1239/311/152 1221/293/152 1223/295/152
f 1239/311/152 1223/295/152 1225/297/152
f 1239/311/152 1225/297/152 1227/299/152
f 1239/311/152 1227/299/152 1229/301/152
f 1239/311/152 1229/301/152 1231/303/152
f 1239/311/152 1231/303/152 1233/305/152
f 1239/311/152 1233/305/152 1235/307/152
f 1239/311/152 1235/307/152 1237/309/152
f 1240/312/153 1220/292/153 1218/290/153
f 1240/312/153 1222/294/153 1220/292/153
f 1240/312/153 1224/296/153 1222/294/153
f 1240/312/153 1226/298/153 1224/296/153
f 1240/312/153 1228/300/153 1226/298/153
f 1240/312/153 1230/302/153 1228/300/153
f 1240/312/153 1232/304/153 1230/302/153
f 1240/312/153 1234/306/153 1232/304/153
f 1240/312/153 1236/308/153 1234/306/153
f 1240/312/153 1238/310/153 1236/308/153
f 1241/313/154 1243/315/154 1242/314/154
f 1241/313/154 1244/316/154 1243/315/154
f 1245/317/155 1247/319/155 1246/318/155
f 1245/317/155 1248/320/155 1247/319/155
f 1249/321/156 1251/323/156 1250/322/156
f 1249/321/156 1252/324/156 1251/323/156
f 1253/325/157 1255/327/157 1254/326/157
f 1253/325/157 1256/328/157 1255/327/157
f 1257/329/158 1259/331/158 1258/330/158
f 1257/329/158 1260/332/158 1259/331/158
f 1261/333/159 1263/335/159 1262/334/159
f 1261/333/159 1264/336/159 1263/335/159
f 1265/337/160 1268/340/161 1267/339/161
f 1265/337/160 1266/338/160 1268/340/161
f 1267/339/161 1270/342/162 1269/341/162
f 1267/339/161 1268/340/161 1270/342/162
f 1269/341/162 1272/344/163 1271/343/163
f 1269/341/162 1270/342/162 1272/344/163
f 1271/343/163 1274/346/164 1273/345/164
f 1271/343/163 1272/344/163 1274/346/164
f 1273/345/164 1276/348/165 1275/347/165
f 1273/345/164 1274/346/164 1276/348/165
f 1275/347/165 1278/350/166 1277/349/166
f 1275/347/165 1276/348/165 1278/350/166
f 1277/349/166 1280/352/167 1279/351/167
f 1277/349/166 1278/350/166 1280/352/167
f 1279/351/167 1282/354/168 1281/353/168
f 1279/351/167 1280/352/167 1282/354/168
f 1283/355/169 1286/358/170 1285/357/170
f 1283/355/169 1284/356/169 1286/358/170
f 1285/357/170 1288/360/171 1287/359/171
f 1285/357/170 1286/358/170 1288/360/171
f 1287/359/171 1290/362/172 1289/361/172
f 1287/359/171 1288/360/171 1290/362/172
f 1289/361/172 1292/364/173 1291/363/173
f 1289/361/172 1290/362/172 1292/364/173
f 1291/363/173 1294/366/174 1293/365/174
f 1291/363/173 1292/364/173 1294/366/174
f 1293/365/174 1296/368/175 1295/367/175
f 1293/365/174 1294/366/174 1296/368/175
f 1295/367/175 1298/370/176 1297/369/176
f 1295/367/175 1296/368/175 1298/370/176
f 1297/369/176 1300/372/177 1299/371/177
f 1297/369/176 1298/370/176 1300/372/177
f 1301/373/178 1304/376/179 1303/375/179
f 1301/373/178 1302/374/178 1304/376/179
f 1303/375/179 1306/378/180 1305/377/180
f 1303/375/179 1304/376/179 1306/378/180
f 1305/377/180 1308/380/181 1307/379/181
f 1305/377/180 1306/378/180 1308/380/181
f 1307/379/181 1310/382/182 1309/381/182
f 1307/379/181 1308/380/181 1310/382/182
f 1309/381/182 1312/384/183 1311/383/183
f 1309/381/182 1310/382/182 1312/384/183
f 1311/383/183 1314/386/184 1313/385/184
f 1311/383/183 1312/384/183 1314/386/184
f 1313/385/184 1316/388/185 1315/387/185
f 1313/385/184 1314/386/184 1316/388/185
f 1315/387/185 1318/390/186 1317/389/186
f 1315/387/185 1316/388/185 1318/390/186
f 1319/391/187 1322/394/188 1321/393/188
f 1319/391/187 1320/392/187 1322/394/188
f 1321/393/188 1324/396/189 1323/395/189
f 1321/393/188 1322/394/188 1324/396/189
f 1323/395/189 1326/398/190 1325/397/190
f 1323/395/189 1324/396/189 1326/398/190
f 1325/397/190 1328/400/191 1327/399/191
f 1325/397/190 1326/398/190 1328/400/191
f 1327/399/191 1330/402/192 1329/401/192
f 1327/399/191 1328/400/191 1330/402/192
f 1329/401/192 1332/404/193 1331/403/193
f 1329/401/192 1330/402/192 1332/404/193
f 1331/403/193 1334/406/194 1333/405/194
f 1331/403/193 1332/404/193 1334/406/194
f 1333/405/194 1336/408/195 1335/407/195
f 1333/405/194 1334/406/194 1336/408/195
f 1337/409/196 1340/412/197 1339/411/197
f 1337/409/196 1338/410/196 1340/412/197
f 1339/411/197 1342/414/198 1341/413/198
f 1339/411/197 1340/412/197 1342/414/198
f 1341/413/198 1344/416/199 1343/415/199
f 1341/413/198 1342/414/198 1344/416/199
f 1343/415/199 1346/418/200 1345/417/200
f 1343/415/199 1344/416/199 1346/418/200
f 1345/417/200 1348/420/201 1347/419/201
f 1345/417/200 1346/418/200 1348/420/201
f 1347/419/201 1350/422/202 1349/421/202
f 1347/419/201 1348/420/201 1350/422/202
f 1349/421/202 1352/424/203 1351/423/203
f 1349/421/202 1350/422/202 1352/424/203
f 1351/423/203 1354/426/204 1353/425/204
f 1351/423/203 1352/424/203 1354/426/204
f 1355/427/205 1358/430/206 1357/429/206
f 1355/427/205 1356/428/205 1358/430/206
f 1357/429/206 1360/432/207 1359/431/207
f 1357/429/206 1358/430/206 1360/432/207
f 1359/431/207 1362/434/208 1361/433/208
f 1359/431/207 1360/432/207 1362/434/208
f 1361/433/208 1364/436/209 1363/435/209
f 1361/433/208 1362/434/208 1364/436/209
f 1363/435/209 1366/438/210 1365/437/210
f 1363/435/209 1364/436/209 1366/438/210
f 1365/437/210 1368/440/211 1367/439/211
f 1365/437/210 1366/438/210 1368/440/211
f 1367/439/211 1370/442/212 1369/441/212
f 1367/439/211 1368/440/211 1370/442/212
f 1369/441/212 1372/444/213 1371/443/213
f 1369/441/212 1370/442/212 1372/444/213
f 1373/445/214 1376/448/215 1375/447/215
f 1373/445/214 1374/446/214 1376/448/215
f 1375/447/215 1378/450/216 1377/449/216
f 1375/447/215 1376/448/215 1378/450/216
f 1377/449/216 1380/452/217 1379/451/217
f 1377/449/216 1378/450/216 1380/452/217
f 1379/451/217 1382/454/218 1381/453/218
f 1379/451/217 1380/452/217 1382/454/218
f 1381/453/218 1384/456/219 1383/455/219
f 1381/453/218 1382/454/218 1384/456/219
f 1383/455/219 1386/458/220 1385/457/220
f 1383/455/219 1384/456/219 1386/458/220
f 1385/457/220 1388/460/221 1387/459/221
f 1385/457/220 1386/458/220 1388/460/221
f 1387/459/221 1390/462/222 1389/461/222
f 1387/459/221 1388/460/221 1390/462/222
f 1391/463/223 1394/466/224 1393/465/224
f 1391/463/223 1392/464/223 1394/466/224
f 1393/465/224 1396/468/225 1395/467/225
f 1393/465/224 1394/466/224 1396/468/225
f 1395/467/225 1398/470/226 1397/469/226
f 1395/467/225 1396/468/225 1398/470/226
f 1397/469/226 1400/472/227 1399/471/227
f 1397/469/226 1398/470/226 1400/472/227
f 1399/471/227 1402/474/228 1401/473/228
f 1399/471/227 1400/472/227 1402/474/228
f 1401/473/228 1404/476/229 1403/475/229
f 1401/473/228 1402/474/228 1404/476/229
f 1403/475/229 1406/478/230 1405/477/230
f 1403/475/229 1404/476/229 1406/478/230
f 1405/477/230 1408/480/231 1407/479/231
f 1405/477/230 1406/478/230 1408/480/231
f 1409/481/232 1412/484/233 1411/483/233
f 1409/481/232 1410/482/232 1412/484/233
f 1411/483/233 1414/486/234 1413/485/234
f 1411/483/233 1412/484/233 1414/486/234
f 1413/485/234 1416/488/235 1415/487/235
f 1413/485/234 1414/486/234 1416/488/235
f 1415/487/235 1418/490/236 1417/489/236
f 1415/487/235 1416/488/235 1418/490/236
f 1417/489/236 1420/492/237 1419/491/237
f 1417/489/236 1418/490/236 1420/492/237
f 1419/491/237 1422/494/238 1421/493/238
f 1419/491/237 1420/492/237 1422/494/238
f 1421/493/238 1424/496/239 1423/495/239
f 1421/493/238 1422/494/238 1424/496/239
f 1423/495/239 1426/498/240 1425/497/240
f 1423/495/239 1424/496/239 1426/498/240
f 1427/499/241 1430/502/242 1429/501/242
f 1427/499/241 1428/500/241 1430/502/242
f 1429/501/242 1432/504/243 1431/503/243
f 1429/501/242 1430/502/242 1432/504/243
f 1431/503/243 1434/506/244 1433/505/244
f 1431/503/243 1432/504/243 1434/506/244
f 1433/505/244 1436/508/245 1435/507/245
f 1433/505/244 1434/506/244 1436/508/245
f 1435/507/245 1438/510/246 1437/509/246
f 1435/507/245 1436/508/245 1438/510/246
f 1437/509/246 1440/512/247 1439/511/247
f 1437/509/246 1438/510/246 1440/512/247
f 1439/511/247 1442/514/248 1441/513/248
f 1439/511/247 1440/512/247 1442/514/248
f 1441/513/248 1444/516/249 1443/515/249
f 1441/513/248 1442/514/248 1444/516/249
f 1445/517/250 1448/520/251 1447/519/251
f 1445/517/250 1446/518/250 1448/520/251
f 1447/519/251 1450/522/252 1449/521/252
f 1447/519/251 1448/520/251 1450/522/252
f 1449/521/252 1452/524/253 1451/523/253
f 1449/521/252 1450/522/252 1452/524/253
f 1451/523/253 1454/526/254 1453/525/254
f 1451/523/253 1452/524/253 1454/526/254
f 1453/525/254 1456/528/255 1455/527/255
f 1453/525/254 1454/526/254 1456/528/255
f 1455/527/255 1458/530/256 1457/529/256
f 1455/527/255 1456/528/255 1458/530/256
f 1457/529/256 1460/532/257 1459/531/257
f 1457/529/256 1458/530/256 1460/532/257
f 1459/531/257 1462/534/258 1461/533/258
f 1459/531/257 1460/532/257 1462/534/258
f 1463/535/259 1466/538/260 1465/537/260
f 1463/535/259 1464/536/259 1466/538/260
f 1465/537/260 1468/540/261 1467/539/261
f 1465/537/260 1466/538/260 1468/540/261
f 1467/539/261 1470/542/262 1469/541/262
f 1467/539/261 1468/540/261 1470/542/262
f 1469/541/262 1472/544/263 1471/543/263
f 1469/541/262 1470/542/262 1472/544/263
f 1471/543/263 1474/546/264 1473/545/264
f 1471/543/263 1472/544/263 1474/546/264
f 1473/545/264 1476/548/265 1475/547/265
f 1473/545/264 1474/546/264 1476/548/265
f 1475/547/265 1478/550/266 1477/549/266
f 1475/547/265 1476/548/265 1478/550/266
f 1477/549/266 1480/552/267 1479/551/267
f 1477/549/266 1478/550/266 1480/552/267
f 1481/553/268 1484/556/269 1483/555/269
f 1481/553/268 1482/554/268 1484/556/269
f 1483/555/269 1486/558/270 1485/557/270
f 1483/555/269 1484/556/269 1486/558/270
f 1485/557/270 1488/560/271 1487/559/271
f 1485/557/270 1486/558/270 1488/560/271
f 1487/559/271 1490/562/272 1489/561/272
f 1487/559/271 1488/560/271 1490/562/272
f 1489/561/272 1492/564/273 1491/563/273
f 1489/561/272 1490/562/272 1492/564/273
f 1491/563/273 1494/566/274 1493/565/274
f 1491/563/273 1492/564/273 1494/566/274
f 1493/565/274 1496/568/275 1495/567/275
f 1493/565/274 1494/566/274 1496/568/275
f 1495/567/275 1498/570/276 1497/569/276
f 1495/567/275 1496/568/275 1498/570/276
f 1497/569/276 1500/572/277 1499/571/277
f 1497/569/276 1498/570/276 1500/572/277
f 1499/571/277 1502/574/278 1501/573/278
f 1499/571/277 1500/572/277 1502/574/278
f 1503/575/279 1481/553/279 1483/555/279
f 1503/575/279 1483/555/279 1485/557/279
f 1503/575/279 1485/557/279 1487/559/279
f 1503/575/279 1487/559/279 1489/561/279
f 1503/575/279 1489/561/279 1491/563/279
f 1503/575/279 1491/563/279 1493/565/279
f 1503/575/279 1493/565/279 1495/567/279
f 1503/575/279 1495/567/279 1497/569/279
f 1503/575/279 1497/569/279 1499/571/279
f 1503/575/279 1499/571/279 1501/573/279
f 1504/576/280 1484/556/280 1482/554/280
f 1504/576/280 1486/558/280 1484/556/280
f 1504/576/280 1488/560/280 1486/558/280
f 1504/576/280 1490/562/280 1488/560/280
f 1504/576/280 1492/564/280 1490/562/280
f 1504/576/280 1494/566/280 1492/564/280
f 1504/576/280 1496/568/280 1494/566/280
f 1504/576/280 1498/570/280 1496/568/280
f 1504/576/280 1500/572/280 1498/570/280
f 1504/576/280 1502/574/280 1500/572/280
f 1505/577/281 1507/579/281 1506/578/281
f 1505/577/281 1508/580/281 1507/579/281
f 1509/581/282 1511/583/282 1510/582/282
f 1509/581/282 1512/584/282 1511/583/282
f 1513/585/283 1515/587/283 1514/586/283
f 1513/585/283 1516/588/283 1515/587/283
f 1517/589/284 1519/591/284 1518/590/284
f 1517/589/284 1520/592/284 1519/591/284
f 1521/593/285 1523/595/285 1522/594/285
f 1521/593/285 1524/596/285 1523/595/285
f 1525/597/286 1527/599/286 1526/598/286
f 1525/597/286 1528/600/286 1527/599/286
f 1529/601/287 1531/603/287 1530/602/287
f 1529/601/287 1532/604/287 1531/603/287
f 1533/605/288 1535/607/288 1534/606/288
f 1533/605/288 1536/608/288 1535/607/288
f 1537/609/289 1539/611/289 1538/610/289
f 1537/609/289 1540/612/289 1539/611/289
f 1541/613/290 1543/615/290 1542/614/290
f 1541/613/290 1544/616/290 1543/615/290
f 1545/617/291 1547/619/291 1546/618/291
f 1545/617/291 1548/620/291 1547/619/291
f 1549/621/292 1551/623/292 1550/622/292
f 1549/621/292 1552/624/292 1551/623/292
f 1553/625/293 1556/628/294 1555/627/294
f 1553/625/293 1554/626/293 1556/628/294
f 1555/627/294 1558/630/295 1557/629/295
f 1555/627/294 1556/628/294 1558/630/295
f 1557/629/295 1560/632/296 1559/631/296
f 1557/629/295 1558/630/295 1560/632/296
f 1559/631/296 1562/634/297 1561/633/297
f 1559/631/296 1560/632/296 1562/634/297
f 1561/633/297 1564/636/298 1563/635/298
f 1561/633/297 1562/634/297 1564/636/298
f 1563/635/298 1566/638/299 1565/637/299
f 1563/635/298 1564/636/298 1566/638/299
f 1565/637/299 1568/640/300 1567/639/300
f 1565/637/299 1566/638/299 1568/640/300
f 1567/639/300 1570/642/301 1569/641/301
f 1567/639/300 1568/640/300 1570/642/301
f 1571/643/302 1553/625/302 1555/627/302
f 1571/643/302 1555/627/302 1557/629/302
f 1571/643/302 1557/629/302 1559/631/302
f 1571/643/302 1559/631/302 1561/633/302
f 1571/643/302 1561/633/302 1563/635/302
f 1571/643/302 1563/635/302 1565/637/302
f 1571/643/302 1565/637/302 1567/639/302
f 1571/643/302 1567/639/302 1569/641/302
f 1572/644/303 1556/628/303 1554/626/303
f 1572/644/303 1558/630/303 1556/628/303
f 1572/644/303 1560/632/303 1558/630/303
f 1572/644/303 1562/634/303 1560/632/303
f 1572/644/303 1564/636/303 1562/634/303
f 1572/644/303 1566/638/303 1564/636/303
f 1572/644/303 1568/640/303 1566/638/303
f 1572/644/303 1570/642/303 1568/640/303
f 1573/645/304 1575/647/304 1574/646/304
f 1573/645/304 1576/648/304 1575/647/304
f 1577/649/305 1579/651/305 1578/650/305
f 1577/649/305 1580/652/305 1579/651/305
f 1581/653/306 1583/655/306 1582/654/306
f 1581/653/306 1584/656/306 1583/655/306
